{
  "Basic": {
    "Text Field": {
      "display": {
        "label": true,
        "apiKey": true,
        "labelWidth": true,
        "labelMargin": true,
        "labelPosition": true,
        "optionsLabelPosition": true,
        "action": true,
        "theme": true,
        "size": true,
        "leftIcon/rightIcon": true,
         "placeholder":true,
        "description": true,
        "rows": true,
        "tooltip": true,
        "prefix": true,
        "suffix": true,
        "widget": true,
        "editor": true,
        "customClass": true,
        "autocomplete": false,
        "disableOnInvalid": true,
        "inline": true,
        "hidden":true,
        "hideLabel":true,
        "uniqueOptions":true,
        "showWordCount":true,
        "showCharCount":true,
        "mask":true,
        "autofocus":true,
        "spellcheck":true,
        "disabled":true,
        "tableView":true,
        "modalEdit":true,
        "shortcut":true,
        "inputMask":false,
        "displayMask":false,
        "applyMaskOn":false,
        "tabindex":true,
        "type":true
      },
      "data":{
        "multiple":true,
        "dataSrc":true,
        "defaultValue":true,
        "dataType":true,
        "idPath":true,
        "template":true,
        "refreshOn":true,
        "refreshOnBlur":true,
        "searchEnabled":true,
        "selectThreshold":true,
        "readOnlyValue":true,
        "customOptions":true,
        "useExactSearch":true,
        "clearOnRefresh":true,
        "protected":true,
        "dbIndex":true,
        "label":true,
        "value":true,
        "shortcut":true,
        "delimiter":true,
        "decimalLimit":true,
        "requireDecimal":true,
        "inputFormat":true,
        "case":true,
        "truncateMultipleSpaces":true,
        "encrypted":true,
        "redrawOn":true
      },
      "validation":{
        "applyMaskOn":true,
        "required":true,
        "onlyAvailableItems":true,
        "unique":true,
        "min":true,
        "max":true,
        "minLength":true,
        "maxLength":true,
        "minWords":true,
        "maxWords":true,
        "pattern":true,
        "errorLabel":true,
        "customMessage":true,
        "custom":true,
        "json":true,
        "errors":true,
        "customPrivate":true,
          "minSelectedCount":true,
          "maxSelectedCount":true,
          "minSelectedCountMessage":true,
          "maxSelectedCountMessage":true

      },

      "logic": {
          "LogicName": true,
          "TriggerType":true,
          "SimpleShow":true,
          "SimpleWhen":true,
          "SimpleHas":true,
          "ActionName":true,
          "ActionType":true,
          "ActionCustom":true,
          "EventName":true
      } 
    },
    "Text Area": {
       "display": {
        "label": true,
        "apiKey": true,
        "labelWidth": true,
        "labelMargin": true,
        "labelPosition": false,
        "optionsLabelPosition": true,
        "action": false,
        "theme": false,
        "size": true,
        "leftIcon/rightIcon": true,
         "placeholder":true,
        "description": true,
        "rows": true,
        "tooltip": true,
        "prefix": false,
        "suffix": false,
        "widget": false,
        "editor": true,
        "customClass": true,
        "autocomplete": false,
        "disableOnInvalid": true,
        "inline": true,
        "hidden":true,
        "hideLabel":true,
        "uniqueOptions":true,
        "showWordCount":true,
        "showCharCount":true,
        "mask":true,
        "autofocus":true,
        "spellcheck":true,
        "disabled":true,
        "tableView":true,
        "modalEdit":true,
        "shortcut":true,
        "inputMask":false,
        "displayMask":false,
        "applyMaskOn":false,
        "tabindex":true,
        "type":true
      },
      "data":{
        "multiple":true,
        "dataSrc":true,
        "defaultValue":true,
        "dataType":true,
        "idPath":true,
        "template":true,
        "refreshOn":true,
        "refreshOnBlur":true,
        "searchEnabled":true,
        "selectThreshold":true,
        "readOnlyValue":true,
        "customOptions":true,
        "useExactSearch":true,
        "clearOnRefresh":true,
        "protected":true,
        "dbIndex":true,
        "label":true,
        "value":true,
        "shortcut":true,
        "delimiter":true,
        "decimalLimit":true,
        "requireDecimal":true,
        "inputFormat":true,
        "case":true,
        "truncateMultipleSpaces":true,
        "encrypted":true,
        "redrawOn":false
      },
      "validation":{
        "applyMaskOn":true,
        "required":true,
        "onlyAvailableItems":true,
        "unique":true,
        "min":true,
        "max":true,
        "minLength":true,
        "maxLength":true,
        "minWords":true,
        "maxWords":true,
        "pattern":true,
        "errorLabel":true,
        "customMessage":true,
        "custom":true,
        "json":true,
        "errors":true,
        "customPrivate":true,
          "minSelectedCount":true,
          "maxSelectedCount":true,
          "minSelectedCountMessage":true,
          "maxSelectedCountMessage":true
          
      },

      "logic": {
        "LogicName": true,
        "TriggerType":true,
        "SimpleShow":true,
        "SimpleWhen":true,
        "SimpleHas":true,
        "ActionName":true,
        "ActionType":true,
        "ActionCustom":true,
        "EventName":true
    } 
    },
    "Number": {
        "display": {
        "label": true,
        "apiKey": true,
        "labelWidth": true,
        "labelMargin": true,
        "labelPosition": true,
        "optionsLabelPosition": true,
        "action": false,
        "theme": false,
        "size": true,
        "leftIcon/rightIcon": true,
         "placeholder":true,
        "description": true,
        "rows": true,
        "tooltip": true,
        "prefix": true,
        "suffix": true,
        "widget": false,
        "editor": true,
        "customClass": true,
        "autocomplete": false,
        "disableOnInvalid": true,
        "inline": true,
        "hidden":true,
        "hideLabel":true,
        "uniqueOptions":true,
        "showWordCount":true,
        "showCharCount":true,
        "mask":true,
        "autofocus":true,
        "spellcheck":true,
        "disabled":true,
        "tableView":true,
        "modalEdit":true,
        "shortcut":true,
        "inputMask":true,
        "displayMask":true,
        "applyMaskOn":true,
        "tabindex":true,
        "type":true
      },
      "data":{
        "multiple":true,
        "dataSrc":true,
        "defaultValue":true,
        "dataType":true,
        "idPath":true,
        "template":true,
        "refreshOn":true,
        "refreshOnBlur":true,
        "searchEnabled":true,
        "selectThreshold":true,
        "readOnlyValue":true,
        "customOptions":true,
        "useExactSearch":true,
        "clearOnRefresh":true,
        "protected":true,
        "dbIndex":true,
        "label":true,
        "value":true,
        "shortcut":true,
        "delimiter":true,
        "decimalLimit":true,
        "requireDecimal":true,
        "inputFormat":true,
        "case":false,
        "truncateMultipleSpaces":true,
        "encrypted":true,
        "redrawOn":false
      },
      "validation":{
        "applyMaskOn":true,
        "required":true,
        "onlyAvailableItems":true,
        "unique":true,
        "min":true,
        "max":true,
        "minLength":true,
        "maxLength":true,
        "minWords":true,
        "maxWords":true,
        "pattern":true,
        "errorLabel":true,
        "customMessage":true,
        "custom":true,
        "json":true,
        "errors":true,
        "customPrivate":true,
          "minSelectedCount":true,
          "maxSelectedCount":true,
          "minSelectedCountMessage":true,
          "maxSelectedCountMessage":true
          
      },
      "logic": {
        "LogicName": true,
        "TriggerType":true,
        "SimpleShow":true,
        "SimpleWhen":true,
        "SimpleHas":true,
        "ActionName":true,
        "ActionType":true,
        "ActionCustom":true,
        "EventName":true
    } 
    },
    "Password": {
           "display": {
        "label": true,
        "apiKey": true,
        "labelWidth": true,
        "labelMargin": true,
        "labelPosition": true,
        "optionsLabelPosition": true,
        "action": false,
        "theme": false,
        "size": true,
        "leftIcon/rightIcon": true,
         "placeholder":true,
        "description": true,
        "rows": true,
        "tooltip": true,
        "prefix": true,
        "suffix": true,
        "widget": false,
        "editor": true,
        "customClass": true,
        "autocomplete": false,
        "disableOnInvalid": true,
        "inline": true,
        "autofocus":true,
        "hidden":true,
        "hideLabel":true,
        "uniqueOptions":true,
        "showWordCount":true,
        "showCharCount":true,
        "mask":true,
        "spellcheck":true,
        "disabled":true,
        "tableView":true,
        "modalEdit":true,
        "shortcut":true,
        "inputMask":true,
        "displayMask":true,
        "applyMaskOn":true,
        "tabindex":true,
        "type":true
      },
      "data":{
        "multiple":true,
        "dataSrc":true,
        "defaultValue":true,
        "dataType":true,
        "idPath":true,
        "template":true,
        "refreshOn":true,
        "refreshOnBlur":true,
        "searchEnabled":true,
        "selectThreshold":true,
        "readOnlyValue":true,
        "customOptions":true,
        "useExactSearch":true,
        "clearOnRefresh":true,
        "protected":true,
        "dbIndex":true,
        "label":true,
        "value":true,
        "shortcut":true,
        "delimiter":true,
        "decimalLimit":true,
        "requireDecimal":true,
        "inputFormat":true,
        "case":true,
        "truncateMultipleSpaces":true,
        "encrypted":true,
        "redrawOn":true
      },
      "validation":{
        "applyMaskOn":true,
        "required":true,
        "onlyAvailableItems":true,
        "unique":true,
        "min":true,
        "max":true,
        "minLength":true,
        "maxLength":true,
        "minWords":true,
        "maxWords":true,
        "pattern":true,
        "errorLabel":true,
        "customMessage":true,
        "custom":true,
        "json":true,
        "errors":true,
        "customPrivate":true,
          "minSelectedCount":true,
          "maxSelectedCount":true,
          "minSelectedCountMessage":true,
          "maxSelectedCountMessage":true
          
      },
      "logic": {
        "LogicName": true,
        "TriggerType":true,
        "SimpleShow":true,
        "SimpleWhen":true,
        "SimpleHas":true,
        "ActionName":true,
        "ActionType":true,
        "ActionCustom":true,
        "EventName":true
    } 
    },
    "Checkbox": {
            "display": {
        "label": true,
        "apiKey": true,
        "labelWidth": true,
        "labelMargin": true,
        "labelPosition": false,
        "optionsLabelPosition": true,
        "action": false,
        "theme": false,
        "size": true,
        "leftIcon/rightIcon": true,
         "placeholder":false,
        "description": true,
        "rows": true,
        "tooltip": false,
        "prefix": false,
        "suffix": false,
        "widget": false,
        "editor": true,
        "customClass": true,
        "autocomplete": false,
        "disableOnInvalid": true,
        "inline": true,
        "hidden":true,
        "hideLabel":true,
        "uniqueOptions":true,
        "showWordCount":true,
        "showCharCount":true,
        "mask":true,
        "autofocus":true,
        "spellcheck":true,
        "disabled":true,
        "tableView":true,
        "modalEdit":true,
        "shortcut":true,
        "inputMask":false,
        "displayMask":false,
        "applyMaskOn":false,
        "tabindex":true,
        "type":true
      },
      "data":{
        "multiple":true,
        "dataSrc":true,
        "defaultValue":true,
        "dataType":true,
        "idPath":true,
        "template":true,
        "refreshOn":true,
        "refreshOnBlur":true,
        "searchEnabled":true,
        "selectThreshold":true,
        "readOnlyValue":true,
        "customOptions":true,
        "useExactSearch":true,
        "clearOnRefresh":true,
        "protected":true,
        "dbIndex":true,
        "label":true,
        "value":true,
        "shortcut":true,
        "delimiter":true,
        "decimalLimit":true,
        "requireDecimal":true,
        "inputFormat":true,
        "case":true,
        "truncateMultipleSpaces":true,
        "encrypted":true,
        "redrawOn":true
      },
      "validation":{
        "applyMaskOn":true,
        "required":true,
        "onlyAvailableItems":false,
        "unique":true,
        "min":true,
        "max":true,
        "minLength":false,
        "maxLength":false,
        "minWords":true,
        "maxWords":true,
        "pattern":true,
        "errorLabel":true,
        "customMessage":true,
        "custom":true,
        "json":true,
        "errors":true,
        "customPrivate":true,
          "minSelectedCount":true,
          "maxSelectedCount":true,
          "minSelectedCountMessage":true,
          "maxSelectedCountMessage":true
      },
      "logic": {
        "LogicName": true,
        "TriggerType":true,
        "SimpleShow":true,
        "SimpleWhen":true,
        "SimpleHas":true,
        "ActionName":true,
        "ActionType":true,
        "ActionCustom":true,
        "EventName":true
    } 
    },
    "Select Box": {
            "display": {
        "label": true,
        "apiKey": true,
        "labelWidth": true,
        "labelMargin": true,
        "labelPosition": true,
        "optionsLabelPosition": true,
        "action": false,
        "theme": false,
        "size": true,
        "leftIcon/rightIcon": true,
         "placeholder":false,
        "description": true,
        "rows": true,
        "tooltip": true,
        "prefix": false,
        "suffix": false,
        "widget": false,
        "editor": true,
        "customClass": true,
        "autocomplete": false,
        "disableOnInvalid": true,
        "inline": true,
        "hidden":true,
        "hideLabel":true,
        "uniqueOptions":true,
        "showWordCount":true,
        "showCharCount":true,
        "mask":true,
        "autofocus":true,
        "spellcheck":true,
        "disabled":true,
        "tableView":true,
        "modalEdit":true,
        "shortcut":true,
        "inputMask":false,
        "displayMask":false,
        "applyMaskOn":false,
        "tabindex":true,
        "type":true
      },
      "data":{
        "multiple":true,
        "dataSrc":true,
        "defaultValue":true,
        "dataType":true,
        "idPath":true,
        "template":true,
        "refreshOn":true,
        "refreshOnBlur":true,
        "searchEnabled":true,
        "selectThreshold":true,
        "readOnlyValue":true,
        "customOptions":true,
        "useExactSearch":true,
        "clearOnRefresh":true,
        "protected":true,
        "dbIndex":true,
        "label":true,
        "value":true,
        "shortcut":true,
        "delimiter":true,
        "decimalLimit":true,
        "requireDecimal":true,
        "inputFormat":true,
        "case":true,
        "truncateMultipleSpaces":true,
        "encrypted":true,
        "redrawOn":true
      },
      "validation":{
        "applyMaskOn":true,
        "required":true,
        "onlyAvailableItems":false,
        "unique":true,
        "min":true,
        "max":true,
        "minLength":false,
        "maxLength":false,
        "minWords":true,
        "maxWords":true,
        "pattern":true,
        "errorLabel":true,
        "customMessage":true,
        "custom":true,
        "json":true,
        "errors":true,
        "customPrivate":true,
          "minSelectedCount":true,
          "maxSelectedCount":true,
          "minSelectedCountMessage":true,
          "maxSelectedCountMessage":true
          
      },
      "logic": {
        "LogicName": true,
        "TriggerType":true,
        "SimpleShow":true,
        "SimpleWhen":true,
        "SimpleHas":true,
        "ActionName":true,
        "ActionType":true,
        "ActionCustom":true,
        "EventName":true
    } 
    },
    "Select": {
            "display": {
        "label": true,
        "apiKey": true,
        "labelWidth": true,
        "labelMargin": true,
        "labelPosition": true,
        "optionsLabelPosition": true,
        "action": false,
        "theme": false,
        "size": true,
        "leftIcon/rightIcon": true,
         "placeholder":false,
        "description": true,
        "rows": true,
        "tooltip": true,
        "prefix": false,
        "suffix": false,
        "widget": false,
        "editor": true,
        "customClass": true,
        "autocomplete": false,
        "disableOnInvalid": true,
        "inline": true,
        "hidden":true,
        "hideLabel":true,
        "uniqueOptions":true,
        "showWordCount":true,
        "showCharCount":true,
        "mask":true,
        "autofocus":true,
        "spellcheck":true,
        "disabled":true,
        "tableView":true,
        "modalEdit":true,
        "shortcut":true,
        "inputMask":false,
        "displayMask":false,
        "applyMaskOn":false,
        "tabindex":true,
        "type":true
      },
      "data":{
        "multiple":true,
        "dataSrc":true,
        "defaultValue":true,
        "dataType":true,
        "idPath":true,
        "template":true,
        "refreshOn":true,
        "refreshOnBlur":true,
        "searchEnabled":true,
        "selectThreshold":true,
        "readOnlyValue":true,
        "customOptions":true,
        "useExactSearch":true,
        "clearOnRefresh":true,
        "protected":true,
        "dbIndex":true,
        "label":true,
        "value":true,
        "shortcut":true,
        "delimiter":true,
        "decimalLimit":true,
        "requireDecimal":true,
        "inputFormat":true,
        "case":false,
        "truncateMultipleSpaces":true,
        "encrypted":true,
        "redrawOn":false
      },
      "validation":{
        "applyMaskOn":true,
        "required":true,
        "onlyAvailableItems":false,
        "unique":true,
        "min":true,
        "max":true,
        "minLength":false,
        "maxLength":false,
        "minWords":true,
        "maxWords":true,
        "pattern":true,
        "errorLabel":true,
        "customMessage":true,
        "custom":true,
        "json":true,
        "errors":true,
        "customPrivate":true,
          "minSelectedCount":true,
          "maxSelectedCount":true,
          "minSelectedCountMessage":true,
          "maxSelectedCountMessage":true
          
      },
      "logic": {
        "LogicName": true,
        "TriggerType":true,
        "SimpleShow":true,
        "SimpleWhen":true,
        "SimpleHas":true,
        "ActionName":true,
        "ActionType":true,
        "ActionCustom":true,
        "EventName":true
    } 
    },
    "Radio": {
        "display": {
        "label": true,
        "apiKey": true,
        "labelWidth": true,
        "labelMargin": true,
        "labelPosition": true,
        "optionsLabelPosition": true,
        "action": false,
        "theme":false,
        "size": true,
        "leftIcon/rightIcon": true,
         "placeholder":false,
        "description": true,
        "rows": true,
        "tooltip": false,
        "prefix": false,
        "suffix": false,
        "widget": false,
        "editor": true,
        "customClass": true,
        "autocomplete": false,
        "disableOnInvalid": true,
        "inline": true,
        "autofocus":true,
        "hidden":true,
        "hideLabel":true,
        "uniqueOptions":true,
        "showWordCount":true,
        "showCharCount":true,
        "mask":true,
        "spellcheck":true,
        "disabled":true,
        "tableView":true,
        "modalEdit":true,
        "shortcut":true,
        "inputMask":false,
        "displayMask":false,
        "applyMaskOn":false,
        "tabindex":true,
        "type":true
      },
      "data":{
        "multiple":true,
        "dataSrc":true,
        "defaultValue":true,
        "dataType":true,
        "idPath":true,
        "template":true,
        "refreshOn":true,
        "refreshOnBlur":true,
        "searchEnabled":true,
        "selectThreshold":true,
        "readOnlyValue":true,
        "customOptions":true,
        "useExactSearch":true,
        "clearOnRefresh":true,
        "protected":true,
        "dbIndex":true,
        "label":true,
        "value":true,
        "shortcut":true,
        "delimiter":true,
        "decimalLimit":true,
        "requireDecimal":true,
        "inputFormat":true,
        "case":false,
        "truncateMultipleSpaces":true,
        "encrypted":true,
        "redrawOn":false
      },
      "validation":{
        "applyMaskOn":true,
        "required":true,
        "onlyAvailableItems":true,
        "unique":true,
        "min":true,
        "max":true,
        "minLength":true,
        "maxLength":true,
        "minWords":true,
        "maxWords":true,
        "pattern":true,
        "errorLabel":true,
        "customMessage":true,
        "custom":true,
        "json":true,
        "errors":true,
        "customPrivate":true,
          "minSelectedCount":true,
          "maxSelectedCount":true,
          "minSelectedCountMessage":true,
          "maxSelectedCountMessage":true
          
      },
      "logic": {
        "LogicName": true,
        "TriggerType":true,
        "SimpleShow":true,
        "SimpleWhen":true,
        "SimpleHas":true,
        "ActionName":true,
        "ActionType":true,
        "ActionCustom":true,
        "EventName":true
    } 
    },
    "Button": {
             "display": {
        "label": true,
        "apiKey": true,
        "labelWidth": true,
        "labelMargin": true,
        "labelPosition": true,
        "optionsLabelPosition": true,
        "action": true,
        "eventName":true,
        "theme": true,
        "size": true,
        "leftIcon/rightIcon": true,
         "placeholder":true,
        "description": true,
        "rows": true,
        "tooltip": true,
        "prefix": false,
        "suffix": false,
        "widget": false,
        "editor": true,
        "customClass": true,
        "autocomplete": false,
        "disableOnInvalid": true,
        "inline": true,
        "hidden":true,
        "hideLabel":true,
        "uniqueOptions":true,
        "showWordCount":true,
        "showCharCount":true,
        "mask":true,
        "autofocus":true,
        "spellcheck":true,
        "disabled":true,
        "tableView":true,
        "modalEdit":true,
        "shortcut":true,
        "inputMask":false,
        "displayMask":false,
        "applyMaskOn":false,
        "tabindex":true,
        "type":true
      },
      "logic": {
        "LogicName": true,
        "TriggerType":true,
        "SimpleShow":true,
        "SimpleWhen":true,
        "SimpleHas":true,
        "ActionName":true,
        "ActionType":true,
        "ActionCustom":true,
        "EventName":true
    } 
    },
    "email": {
      "display": {
        "label": true,
        "labelWidth": true,
        "labelMargin": true,
        "labelPosition": true,
        "optionsLabelPosition": true,
        "action": false,
        "theme": false,
        "size": true,
        "leftIcon/rightIcon": true,
        "placeholder": true,
        "description": true,
        "rows": true,
        "tooltip": true,
        "prefix": true,
        "suffix": true,
        "widget": false,
        "editor": true,
        "customClass": true,
        "autocomplete": true,
        "disableOnInvalid": true,
        "inline": true,
        "hidden": true,
        "hideLabel": true,
        "uniqueOptions": true,
        "showWordCount": true,
        "showCharCount": true,
        "mask": true,
        "autofocus": true,
        "spellcheck": true,
        "disabled": true,
        "tableView": true,
        "modalEdit": true,
        "shortcut": true,
        "inputMask": false,
        "displayMask": false,
        "applyMaskOn": false,
        "tabindex": true,
        "type": false
      },
      "data": {
        "multiple": true,
        "dataSrc": true,
        "defaultValue": true,
        "dataType": true,
        "idPath": true,
        "template": true,
        "refreshOn": true,
        "refreshOnBlur": true,
        "searchEnabled": true,
        "selectThreshold": true,
        "readOnlyValue": true,
        "customOptions": true,
        "useExactSearch": true,
        "clearOnRefresh": true,
        "protected": true,
        "dbIndex": true,
        "label": true,
        "value": true,
        "shortcut": true,
        "delimiter": true,
        "decimalLimit": true,
        "requireDecimal": true,
        "inputFormat": true,
        "case": true,
        "truncateMultipleSpaces": true,
        "encrypted": true,
        "redrawOn": true
      },
      "validation": {
        "applyMaskOn": true,
        "required": true,
        "onlyAvailableItems": true,
        "unique": true,
        "min": true,
        "max": true,
        "minLength": true,
        "maxLength": true,
        "minWords": true,
        "maxWords": true,
        "pattern": true,
        "errorLabel": true,
        "customMessage": true,
        "custom": true,
        "json": true,
        "errors": true,
        "customPrivate": true,
        "minSelectedCount": true,
        "maxSelectedCount": true,
        "minSelectedCountMessage": true,
        "maxSelectedCountMessage": true
      },
      "logic": {
        "LogicName": true,
        "TriggerType":true,
        "SimpleShow":true,
        "SimpleWhen":true,
        "SimpleHas":true,
        "ActionName":true,
        "ActionType":true,
        "ActionCustom":true,
        "EventName":true
    } 
    },
    "url": {
      "display": {
        "label": true,
        "labelWidth": true,
        "labelMargin": true,
        "labelPosition": true,
        "optionsLabelPosition": true,
        "action": false,
        "theme": false,
        "size": false,
        "leftIcon/rightIcon": true,
        "placeholder": true,
        "description": true,
        "rows": true,
        "tooltip": true,
        "prefix": true,
        "suffix": true,
        "widget": false,
        "editor": true,
        "customClass": true,
        "autocomplete": false,
        "disableOnInvalid": true,
        "inline": true,
        "hidden": true,
        "hideLabel": true,
        "uniqueOptions": true,
        "showWordCount": true,
        "showCharCount": true,
        "mask": false,
        "autofocus": true,
        "spellcheck": true,
        "disabled": true,
        "tableView": true,
        "modalEdit": true,
        "shortcut": true,
        "inputMask": true,
        "displayMask": false,
        "applyMaskOn": false,
        "tabindex": true,
        "type": false
      },
      "data": {
        "multiple": true,
        "dataSrc": true,
        "defaultValue": true,
        "dataType": true,
        "idPath": true,
        "template": true,
        "refreshOn": true,
        "refreshOnBlur": true,
        "searchEnabled": true,
        "selectThreshold": true,
        "readOnlyValue": true,
        "customOptions": true,
        "useExactSearch": true,
        "clearOnRefresh": true,
        "protected": true,
        "dbIndex": true,
        "label": true,
        "value": true,
        "shortcut": true,
        "delimiter": true,
        "decimalLimit": true,
        "requireDecimal": true,
        "inputFormat": true,
        "case": true,
        "truncateMultipleSpaces": true,
        "encrypted": true,
        "redrawOn": true
      },
      "validation": {
        "applyMaskOn": true,
        "required": true,
        "onlyAvailableItems": true,
        "unique": true,
        "min": true,
        "max": true,
        "minLength": true,
        "maxLength": true,
        "minWords": true,
        "maxWords": true,
        "pattern": true,
        "errorLabel": true,
        "customMessage": true,
        "custom": true,
        "json": true,
        "errors": true,
        "customPrivate": true,
        "minSelectedCount": true,
        "maxSelectedCount": true,
        "minSelectedCountMessage": true,
        "maxSelectedCountMessage": true
      },
      "logic": {
        "LogicName": true,
        "TriggerType":true,
        "SimpleShow":true,
        "SimpleWhen":true,
        "SimpleHas":true,
        "ActionName":true,
        "ActionType":true,
        "ActionCustom":true,
        "EventName":true
    } 
    },
    "Phone": {
      "display": {
        "label": true,
        "labelWidth": true,
        "labelMargin": true,
        "labelPosition": true,
        "optionsLabelPosition": true,
        "action": false,
        "theme": false,
        "size": false,
        "leftIcon/rightIcon": true,
        "placeholder": true,
        "description": true,
        "rows": true,
        "tooltip": true,
        "prefix": true,
        "suffix": true,
        "widget": false,
        "editor": true,
        "customClass": true,
        "autocomplete": false,
        "disableOnInvalid": true,
        "inline": true,
        "hidden": true,
        "hideLabel": true,
        "uniqueOptions": true,
        "showWordCount": true,
        "showCharCount": true,
        "mask": false,
        "autofocus": true,
        "spellcheck": true,
        "disabled": true,
        "tableView": true,
        "modalEdit": true,
        "shortcut": true,
        "inputMask": true,
        "displayMask": false,
        "applyMaskOn": false,
        "tabindex": true,
        "type": false
      },
      "data": {
        "multiple": true,
        "dataSrc": true,
        "defaultValue": true,
        "dataType": true,
        "idPath": true,
        "template": true,
        "refreshOn": true,
        "refreshOnBlur": true,
        "searchEnabled": true,
        "selectThreshold": true,
        "readOnlyValue": true,
        "customOptions": true,
        "useExactSearch": true,
        "clearOnRefresh": true,
        "protected": true,
        "dbIndex": true,
        "label": true,
        "value": true,
        "shortcut": true,
        "delimiter": true,
        "decimalLimit": true,
        "requireDecimal": true,
        "inputFormat": true,
        "case": true,
        "truncateMultipleSpaces": true,
        "encrypted": true,
        "redrawOn": true
      },
      "validation": {
        "applyMaskOn": true,
        "required": true,
        "onlyAvailableItems": true,
        "unique": true,
        "min": true,
        "max": true,
        "minLength": true,
        "maxLength": true,
        "minWords": true,
        "maxWords": true,
        "pattern": true,
        "errorLabel": true,
        "customMessage": true,
        "custom": true,
        "json": true,
        "errors": true,
        "customPrivate": true,
        "minSelectedCount": true,
        "maxSelectedCount": true,
        "minSelectedCountMessage": true,
        "maxSelectedCountMessage": true
      },
      "logic": {
        "LogicName": true,
        "TriggerType":true,
        "SimpleShow":true,
        "SimpleWhen":true,
        "SimpleHas":true,
        "ActionName":true,
        "ActionType":true,
        "ActionCustom":true,
        "EventName":true
    } 
    },
    "signature":{
      "display": {
        "label": true,
        "labelWidth": true,
        "bgColor":true,
        "footerLabel":true,
        "markerColor":true,
        "labelMargin": true,
        "labelPosition": true,
        "optionsLabelPosition": true,
        "action": false,
        "theme": false,
        "size": true,
        "leftIcon/rightIcon": true,
        "placeholder": false,
        "description": true,
        "rows": true,
        "tooltip": true,
        "prefix": false,
        "suffix": false,
        "widget": false,
        "editor": true,
        "customClass": true,
        "autocomplete": true,
        "disableOnInvalid": true,
        "inline": true,
        "hidden": true,
        "hideLabel": true,
        "uniqueOptions": true,
        "showWordCount": true,
        "showCharCount": true,
        "mask": true,
        "autofocus": true,
        "spellcheck": true,
        "disabled": true,
        "tableView": true,
        "modalEdit": true,
        "shortcut": true,
        "inputMask": false,
        "displayMask": false,
        "applyMaskOn": false,
        "tabindex": true,
        "type": false,
        "imgURL":true
      },
      "data":{
        "multiple":false,
        "dataSrc":true,
        "defaultValue":true,
        "dataType":true,
        "idPath":true,
        "template":true,
        "refreshOn":true,
        "refreshOnBlur":true,
        "searchEnabled":true,
        "selectThreshold":true,
        "readOnlyValue":true,
        "customOptions":true,
        "useExactSearch":true,
        "clearOnRefresh":true,
        "protected":true,
        "dbIndex":true,
        "label":true,
        "value":true,
        "shortcut":true,
        "delimiter":true,
        "decimalLimit":true,
        "requireDecimal":true,
        "inputFormat":true,
        "case":true,
        "truncateMultipleSpaces":true,
        "encrypted":true,
        "redrawOn":true
      },
      "validation":{
        "applyMaskOn":true,
        "required":true,
        "onlyAvailableItems":true,
        "unique":true,
        "min":true,
        "max":true,
        "minLength":true,
        "maxLength":true,
        "minWords":true,
        "maxWords":true,
        "pattern":true,
        "errorLabel":true,
        "customMessage":true,
        "custom":true,
        "json":true,
        "errors":true,
        "customPrivate":true,
          "minSelectedCount":true,
          "maxSelectedCount":true,
          "minSelectedCountMessage":true,
          "maxSelectedCountMessage":true

      },
      "logic": {
        "LogicName": true,
        "TriggerType":true,
        "SimpleShow":true,
        "SimpleWhen":true,
        "SimpleHas":true,
        "ActionName":true,
        "ActionType":true,
        "ActionCustom":true,
        "EventName":true
    } 
    },
    "Day": {
      "display": {
        "label": true,
        "labelWidth": true,
        "labelMargin": true,
        "labelPosition": true,
        "optionsLabelPosition": true,
        "action": true,
        "theme": true,
        "size": true,
        "leftIcon/rightIcon": true,
         "placeholder":true,
        "description": true,
        "rows": true,
        "tooltip": true,
        "prefix": true,
        "suffix": true,
        "widget": true,
        "editor": true,
        "customClass": true,
        "autocomplete": true,
        "disableOnInvalid": true,
        "inline": true,
        "hidden":true,
        "hideLabel":true,
        "uniqueOptions":true,
        "showWordCount":true,
        "showCharCount":true,
        "mask":true,
        "autofocus":true,
        "spellcheck":true,
        "disabled":true,
        "tableView":true,
        "modalEdit":true,
        "shortcut":true,
        "inputMask":true,
        "displayMask":true,
        "applyMaskOn":true,
        "tabindex":true,
        "type":true,
        "fieldDay":true,
        "fieldMonth":true,
        "fieldYear":true,
        "fieldDayPlaceholder":true,
        "fieldMonthPlaceholder":true,
        "fieldYearPlaceholder":true,
        "fields":{
          "day": {
            "hide": true,
            "type": "select",
            "placeholder": true,
            "required": true
          },
          "month": {
            "hide": true,
            "type": "select",
            "placeholder": true,
            "required": true
          },
          "year": {
            "hide": true,
            "type": "select",
            "placeholder": true,
            "required": true
          }
        }
      },
      "data":{
        "multiple":true,
        "dataSrc":true,
        "defaultValue":true,
        "dataType":true,
        "idPath":true,
        "template":true,
        "refreshOn":true,
        "refreshOnBlur":true,
        "searchEnabled":true,
        "selectThreshold":true,
        "readOnlyValue":true,
        "customOptions":true,
        "useExactSearch":true,
        "clearOnRefresh":true,
        "protected":true,
        "dbIndex":true,
        "label":true,
        "value":true,
        "shortcut":true,
        "delimiter":true,
        "decimalLimit":true,
        "requireDecimal":true,
        "inputFormat":true,
        "case":true,
        "truncateMultipleSpaces":true,
        "encrypted":true,
        "redrawOn":true
      },
      "validation":{
        "applyMaskOn":true,
        "required":true,
        "onlyAvailableItems":true,
        "unique":true,
        "min":true,
        "max":true,
        "minLength":true,
        "maxLength":true,
        "minWords":true,
        "maxWords":true,
        "pattern":true,
        "errorLabel":true,
        "customMessage":true,
        "custom":true,
        "json":true,
        "errors":true,
        "customPrivate":true,
          "minSelectedCount":true,
          "maxSelectedCount":true,
          "minSelectedCountMessage":true,
          "maxSelectedCountMessage":true

      },
      "logic": {
          "LogicName": true,
          "TriggerType":true,
          "SimpleShow":true,
          "SimpleWhen":true,
          "SimpleHas":true,
          "ActionName":true,
          "ActionType":true,
          "ActionCustom":true,
          "EventName":true
      }
    },
    "Date/Time": {
      "display": {
        "label": true,
        "labelWidth": true,
        "labelMargin": true,
        "labelPosition": false,
        "optionsLabelPosition": true,
        "action": false,
        "theme": false,
        "size": true,
        "leftIcon/rightIcon": true,
         "placeholder":true,
        "description": true,
        "rows": true,
        "tooltip": true,
        "prefix": false,
        "suffix": false,
        "widget": false,
        "editor": true,
        "format":true,
        "customClass": true,
        "autocomplete": false,
        "disableOnInvalid": true,
        "inline": true,
        "hidden":true,
        "hideLabel":true,
        "uniqueOptions":true,
        "showWordCount":true,
        "showCharCount":true,
        "mask":true,
        "autofocus":true,
        "spellcheck":true,
        "disabled":true,
        "tableView":true,
        "modalEdit":true,
        "shortcut":true,
        "inputMask":false,
        "displayMask":false,
        "applyMaskOn":false,
        "tabindex":true,
        "type":true
      },
      "data":{
        "multiple":false,
        "dataSrc":true,
        "defaultValue":true,
        "dataType":true,
        "idPath":true,
        "template":true,
        "refreshOn":true,
        "refreshOnBlur":true,
        "searchEnabled":true,
        "selectThreshold":true,
        "readOnlyValue":true,
        "customOptions":true,
        "useExactSearch":true,
        "clearOnRefresh":true,
        "protected":true,
        "dbIndex":true,
        "label":true,
        "value":true,
        "shortcut":true,
        "delimiter":true,
        "decimalLimit":true,
        "requireDecimal":true,
        "inputFormat":true,
        "case":true,
        "truncateMultipleSpaces":true,
        "encrypted":true,
        "redrawOn":true
      },
      "validation":{
        "applyMaskOn":true,
        "required":true,
        "onlyAvailableItems":true,
        "unique":true,
        "min":true,
        "max":true,
        "minLength":true,
        "maxLength":true,
        "minWords":true,
        "maxWords":true,
        "pattern":true,
        "errorLabel":true,
        "customMessage":true,
        "custom":true,
        "json":true,
        "errors":true,
        "customPrivate":true,
          "minSelectedCount":true,
          "maxSelectedCount":true,
          "minSelectedCountMessage":true,
          "maxSelectedCountMessage":true

      },
      "logic": {
          "LogicName": true,
          "TriggerType":true,
          "SimpleShow":true,
          "SimpleWhen":true,
          "SimpleHas":true,
          "ActionName":true,
          "ActionType":true,
          "ActionCustom":true,
          "EventName":true
      } 
    },
    "upload": {
      "display": {
        "label": true,
        "labelWidth": true,
        "labelMargin": true,
        "labelPosition": false,
        "optionsLabelPosition": true,
        "action": false,
        "theme": false,
        "size": true,
        "leftIcon/rightIcon": true,
         "placeholder":true,
        "description": true,
        "rows": true,
        "tooltip": true,
        "prefix": false,
        "suffix": false,
        "widget": false,
        "editor": true,
        "format":true,
        "customClass": true,
        "autocomplete": false,
        "disableOnInvalid": true,
        "inline": true,
        "hidden":true,
        "hideLabel":true,
        "uniqueOptions":true,
        "showWordCount":true,
        "showCharCount":true,
        "mask":true,
        "autofocus":true,
        "spellcheck":true,
        "disabled":true,
        "tableView":true,
        "modalEdit":true,
        "shortcut":true,
        "inputMask":false,
        "displayMask":false,
        "applyMaskOn":false,
        "tabindex":true,
        "type":true
      },
      "data":{
        "multiple":false,
        "dataSrc":true,
        "defaultValue":true,
        "dataType":true,
        "idPath":true,
        "template":true,
        "refreshOn":true,
        "refreshOnBlur":true,
        "searchEnabled":true,
        "selectThreshold":true,
        "readOnlyValue":true,
        "customOptions":true,
        "useExactSearch":true,
        "clearOnRefresh":true,
        "protected":true,
        "dbIndex":true,
        "label":true,
        "value":true,
        "shortcut":true,
        "delimiter":true,
        "decimalLimit":true,
        "requireDecimal":true,
        "inputFormat":true,
        "case":true,
        "truncateMultipleSpaces":true,
        "encrypted":true,
        "redrawOn":true
      },
      "validation":{
        "applyMaskOn":true,
        "required":true,
        "onlyAvailableItems":true,
        "unique":true,
        "min":true,
        "max":true,
        "minLength":false,
        "maxLength":false,
        "minWords":false,
        "maxWords":false,
        "pattern":true,
        "errorLabel":true,
        "customMessage":true,
        "custom":true,
        "json":true,
        "errors":true,
        "customPrivate":true,
          "minSelectedCount":true,
          "maxSelectedCount":true,
          "minSelectedCountMessage":true,
          "maxSelectedCountMessage":true

      },
 
      "logic": {
          "LogicName": true,
          "TriggerType":true,
          "SimpleShow":true,
          "SimpleWhen":true,
          "SimpleHas":true,
          "ActionName":true,
          "ActionType":true,
          "ActionCustom":true,
          "EventName":true
      } 
    },
    "tags": {
      "display": {
        "label": true,
        "labelWidth": true,
        "labelMargin": true,
        "labelPosition": false,
        "optionsLabelPosition": true,
        "action": false,
        "theme": false,
        "size": true,
        "leftIcon/rightIcon": true,
         "placeholder":true,
        "description": true,
        "rows": true,
        "tooltip": true,
        "prefix": false,
        "suffix": false,
        "widget": false,
        "editor": true,
        "format":true,
        "customClass": true,
        "autocomplete": false,
        "disableOnInvalid": true,
        "inline": true,
        "hidden":true,
        "hideLabel":true,
        "uniqueOptions":true,
        "showWordCount":true,
        "showCharCount":true,
        "mask":true,
        "autofocus":true,
        "spellcheck":true,
        "disabled":true,
        "tableView":true,
        "modalEdit":true,
        "shortcut":true,
        "inputMask":false,
        "displayMask":false,
        "applyMaskOn":false,
        "tabindex":true,
        "type":true
      },
      "data":{
        "multiple":false,
        "dataSrc":true,
        "defaultValue":true,
        "dataType":true,
        "idPath":true,
        "template":true,
        "refreshOn":true,
        "refreshOnBlur":true,
        "searchEnabled":true,
        "selectThreshold":true,
        "readOnlyValue":true,
        "customOptions":true,
        "useExactSearch":true,
        "clearOnRefresh":true,
        "protected":true,
        "dbIndex":true,
        "label":true,
        "value":true,
        "shortcut":true,
        "delimiter":true,
        "decimalLimit":true,
        "requireDecimal":true,
        "inputFormat":true,
        "case":true,
        "truncateMultipleSpaces":true,
        "encrypted":true,
        "redrawOn":true
      },
      "validation":{
        "applyMaskOn":true,
        "required":true,
        "onlyAvailableItems":true,
        "unique":true,
        "min":true,
        "max":true,
        "minLength":false,
        "maxLength":false,
        "minWords":false,
        "maxWords":false,
        "pattern":true,
        "errorLabel":true,
        "customMessage":true,
        "custom":true,
        "json":true,
        "errors":true,
        "customPrivate":true,
          "minSelectedCount":true,
          "maxSelectedCount":true,
          "minSelectedCountMessage":true,
          "maxSelectedCountMessage":true

      },
      "logic": {
          "LogicName": true,
          "TriggerType":true,
          "SimpleShow":true,
          "SimpleWhen":true,
          "SimpleHas":true,
          "ActionName":true,
          "ActionType":true,
          "ActionCustom":true,
          "EventName":true
      } 
    },
    "recaptcha": {
      "display": {
        "label": true,
        "labelWidth": true,
        "labelMargin": true,
        "labelPosition": false,
        "optionsLabelPosition": true,
        "action": false,
        "theme": false,
        "size": true,
        "leftIcon/rightIcon": true,
         "placeholder":true,
        "description": true,
        "rows": true,
        "tooltip": true,
        "prefix": false,
        "suffix": false,
        "widget": false,
        "editor": true,
        "format":true,
        "customClass": true,
        "autocomplete": false,
        "disableOnInvalid": true,
        "inline": true,
        "hidden":true,
        "hideLabel":true,
        "uniqueOptions":true,
        "showWordCount":true,
        "showCharCount":true,
        "mask":true,
        "autofocus":true,
        "spellcheck":true,
        "disabled":true,
        "tableView":true,
        "modalEdit":true,
        "shortcut":true,
        "inputMask":false,
        "displayMask":false,
        "applyMaskOn":false,
        "tabindex":true,
        "type":true
      },
      "data":{
        "multiple":false,
        "dataSrc":true,
        "defaultValue":true,
        "dataType":true,
        "idPath":true,
        "template":true,
        "refreshOn":true,
        "refreshOnBlur":true,
        "searchEnabled":true,
        "selectThreshold":true,
        "readOnlyValue":true,
        "customOptions":true,
        "useExactSearch":true,
        "clearOnRefresh":true,
        "protected":true,
        "dbIndex":true,
        "label":true,
        "value":true,
        "shortcut":true,
        "delimiter":true,
        "decimalLimit":true,
        "requireDecimal":true,
        "inputFormat":true,
        "case":true,
        "truncateMultipleSpaces":true,
        "encrypted":true,
        "redrawOn":true
      },
      "validation":{
        "applyMaskOn":true,
        "required":true,
        "onlyAvailableItems":true,
        "unique":true,
        "min":true,
        "max":true,
        "minLength":false,
        "maxLength":false,
        "minWords":false,
        "maxWords":false,
        "pattern":true,
        "errorLabel":true,
        "customMessage":true,
        "custom":true,
        "json":true,
        "errors":true,
        "customPrivate":true,
          "minSelectedCount":true,
          "maxSelectedCount":true,
          "minSelectedCountMessage":true,
          "maxSelectedCountMessage":true

      },
      "logic": {
          "LogicName": true,
          "TriggerType":true,
          "SimpleShow":true,
          "SimpleWhen":true,
          "SimpleHas":true,
          "ActionName":true,
          "ActionType":true,
          "ActionCustom":true,
          "EventName":true
      } 
    },
    "Table": {
      "display": {
        "label": true,
        "apiKey": true,
        "labelWidth": true,
        "numberOfColumns":true,
        "numberOfRows":true,
        "labelMargin": true,
        "labelPosition": false,
        "optionsLabelPosition": true,
        "action": false,
        "theme": false,
        "size": true,
        "leftIcon/rightIcon": true,
         "placeholder":true,
        "description": true,
        "rows": true,
        "tooltip": true,
        "prefix": false,
        "suffix": false,
        "widget": false,
        "editor": true,
        "format":true,
        "customClass": true,
        "autocomplete": false,
        "disableOnInvalid": true,
        "inline": true,
        "hidden":true,
        "hideLabel":true,
        "uniqueOptions":true,
        "showWordCount":true,
        "showCharCount":true,
        "mask":true,
        "autofocus":true,
        "spellcheck":true,
        "disabled":true,
        "tableView":true,
        "modalEdit":true,
        "shortcut":true,
        "inputMask":false,
        "displayMask":false,
        "applyMaskOn":false,
        "tabindex":true,
        "type":true
      },
      "data":{
        "multiple":false,
        "dataSrc":true,
        "defaultValue":true,
        "dataType":true,
        "idPath":true,
        "template":true,
        "refreshOn":true,
        "refreshOnBlur":true,
        "searchEnabled":true,
        "selectThreshold":true,
        "readOnlyValue":true,
        "customOptions":true,
        "useExactSearch":true,
        "clearOnRefresh":true,
        "protected":true,
        "dbIndex":true,
        "label":true,
        "value":true,
        "shortcut":true,
        "delimiter":true,
        "decimalLimit":true,
        "requireDecimal":true,
        "inputFormat":true,
        "case":true,
        "truncateMultipleSpaces":true,
        "encrypted":true,
        "redrawOn":true
      },
      "validation":{
        "applyMaskOn":true,
        "required":true,
        "onlyAvailableItems":true,
        "unique":true,
        "min":true,
        "max":true,
        "minLength":false,
        "maxLength":false,
        "minWords":false,
        "maxWords":false,
        "pattern":true,
        "errorLabel":true,
        "customMessage":true,
        "custom":true,
        "json":true,
        "errors":true,
        "customPrivate":true,
          "minSelectedCount":true,
          "maxSelectedCount":true,
          "minSelectedCountMessage":true,
          "maxSelectedCountMessage":true

      },
      "logic": {
          "LogicName": true,
          "TriggerType":true,
          "SimpleShow":true,
          "SimpleWhen":true,
          "SimpleHas":true,
          "ActionName":true,
          "ActionType":true,
          "ActionCustom":true,
          "EventName":true
      } 
    },
    "Container": {
      "display": {
        "label": true,
        "apiKey": true,
        "labelWidth": true,
        "numberOfColumns":false,
        "numberOfRows":false,
        "labelMargin": true,
        "labelPosition": false,
        "optionsLabelPosition": true,
        "action": false,
        "theme": false,
        "size": true,
        "leftIcon/rightIcon": true,
         "placeholder":true,
        "description": true,
        "rows": true,
        "tooltip": true,
        "prefix": false,
        "suffix": false,
        "widget": false,
        "editor": true,
        "format":true,
        "customClass": true,
        "autocomplete": false,
        "disableOnInvalid": true,
        "inline": true,
        "hidden":true,
        "hideLabel":true,
        "uniqueOptions":true,
        "showWordCount":true,
        "showCharCount":true,
        "mask":true,
        "autofocus":true,
        "spellcheck":true,
        "disabled":true,
        "tableView":true,
        "modalEdit":true,
        "shortcut":true,
        "inputMask":false,
        "displayMask":false,
        "applyMaskOn":false,
        "tabindex":true,
        "type":true
      },
      "data":{
        "multiple":false,
        "dataSrc":true,
        "defaultValue":true,
        "dataType":true,
        "idPath":true,
        "template":true,
        "refreshOn":true,
        "refreshOnBlur":true,
        "searchEnabled":true,
        "selectThreshold":true,
        "readOnlyValue":true,
        "customOptions":true,
        "useExactSearch":true,
        "clearOnRefresh":true,
        "protected":true,
        "dbIndex":true,
        "label":true,
        "value":true,
        "shortcut":true,
        "delimiter":true,
        "decimalLimit":true,
        "requireDecimal":true,
        "inputFormat":true,
        "case":true,
        "truncateMultipleSpaces":true,
        "encrypted":true,
        "redrawOn":true
      },
      "validation":{
        "applyMaskOn":true,
        "required":true,
        "onlyAvailableItems":true,
        "unique":true,
        "min":true,
        "max":true,
        "minLength":false,
        "maxLength":false,
        "minWords":false,
        "maxWords":false,
        "pattern":true,
        "errorLabel":true,
        "customMessage":true,
        "custom":true,
        "json":true,
        "errors":true,
        "customPrivate":true,
          "minSelectedCount":true,
          "maxSelectedCount":true,
          "minSelectedCountMessage":true,
          "maxSelectedCountMessage":true

      },
      "logic": {
          "LogicName": true,
          "TriggerType":true,
          "SimpleShow":true,
          "SimpleWhen":true,
          "SimpleHas":true,
          "ActionName":true,
          "ActionType":true,
          "ActionCustom":true,
          "EventName":true
      } 
    },
    "OTP": {
      "display": {
        "label": true,
        "labelWidth": true,
        "numberOfColumns":false,
        "numberOfRows":false,
        "labelMargin": true,
        "labelPosition": false,
        "optionsLabelPosition": true,
        "OTPvalue":true,
        "OTPLength":true,
        "action": false,
        "theme": false,
        "size": true,
        "leftIcon/rightIcon": true,
         "placeholder":true,
        "description": true,
        "rows": true,
        "tooltip": true,
        "prefix": false,
        "suffix": false,
        "widget": false,
        "editor": true,
        "format":true,
        "customClass": true,
        "autocomplete": false,
        "disableOnInvalid": true,
        "inline": true,
        "hidden":true,
        "hideLabel":true,
        "uniqueOptions":true,
        "showWordCount":true,
        "showCharCount":true,
        "mask":true,
        "autofocus":true,
        "spellcheck":true,
        "disabled":true,
        "tableView":true,
        "modalEdit":true,
        "shortcut":true,
        "inputMask":false,
        "displayMask":false,
        "applyMaskOn":false,
        "tabindex":true,
        "type":true
      },
      "data":{
        "multiple":false,
        "dataSrc":true,
        "defaultValue":true,
        "dataType":true,
        "idPath":true,
        "template":true,
        "refreshOn":true,
        "refreshOnBlur":true,
        "searchEnabled":true,
        "selectThreshold":true,
        "readOnlyValue":true,
        "customOptions":true,
        "useExactSearch":true,
        "clearOnRefresh":true,
        "protected":true,
        "dbIndex":true,
        "label":true,
        "value":true,
        "shortcut":true,
        "delimiter":true,
        "decimalLimit":true,
        "requireDecimal":true,
        "inputFormat":true,
        "case":true,
        "truncateMultipleSpaces":true,
        "encrypted":true,
        "redrawOn":true
      },
      "validation":{
        "applyMaskOn":true,
        "required":true,
        "onlyAvailableItems":true,
        "unique":true,
        "min":true,
        "max":true,
        "minLength":false,
        "maxLength":false,
        "minWords":false,
        "maxWords":false,
        "pattern":true,
        "errorLabel":true,
        "customMessage":true,
        "custom":true,
        "json":true,
        "errors":true,
        "customPrivate":true,
          "minSelectedCount":true,
          "maxSelectedCount":true,
          "minSelectedCountMessage":true,
          "maxSelectedCountMessage":true

      },
      "logic": {
          "LogicName": true,
          "TriggerType":true,
          "SimpleShow":true,
          "SimpleWhen":true,
          "SimpleHas":true,
          "ActionName":true,
          "ActionType":true,
          "ActionCustom":true,
          "EventName":true
      } 
    },
    "accordian": {
      "display": {
        "label": true,
        "labelWidth": true,
        "numberOfColumns":false,
        "AccordianColumns":false,
        "numberOfRows":false,
        "numberOfAccordianColumn":true,
        "labelMargin": true,
        "labelPosition": false,
        "optionsLabelPosition": true,
        "AccordianColumn":true,
        "action": false,
        "theme": false,
        "size": true,
        "leftIcon/rightIcon": true,
         "placeholder":true,
        "description": true,
        "rows": true,
        "tooltip": true,
        "prefix": false,
        "suffix": false,
        "widget": false,
        "editor": true,
        "format":true,
        "customClass": true,
        "autocomplete": false,
        "disableOnInvalid": true,
        "inline": true,
        "hidden":true,
        "hideLabel":true,
        "uniqueOptions":true,
        "showWordCount":true,
        "showCharCount":true,
        "mask":true,
        "autofocus":true,
        "spellcheck":true,
        "disabled":true,
        "tableView":true,
        "modalEdit":true,
        "shortcut":true,
        "inputMask":false,
        "displayMask":false,
        "applyMaskOn":false,
        "tabindex":true,
        "type":true
      },
      "data":{
        "multiple":false,
        "dataSrc":true,
        "defaultValue":true,
        "dataType":true,
        "idPath":true,
        "template":true,
        "refreshOn":true,
        "refreshOnBlur":true,
        "searchEnabled":true,
        "selectThreshold":true,
        "readOnlyValue":true,
        "customOptions":true,
        "useExactSearch":true,
        "clearOnRefresh":true,
        "protected":true,
        "dbIndex":true,
        "label":true,
        "value":true,
        "shortcut":true,
        "delimiter":true,
        "decimalLimit":true,
        "requireDecimal":true,
        "inputFormat":true,
        "case":true,
        "truncateMultipleSpaces":true,
        "encrypted":true,
        "redrawOn":true
      },
      "validation":{
        "applyMaskOn":true,
        "required":true,
        "onlyAvailableItems":true,
        "unique":true,
        "min":true,
        "max":true,
        "minLength":false,
        "maxLength":false,
        "minWords":false,
        "maxWords":false,
        "pattern":true,
        "errorLabel":true,
        "customMessage":true,
        "custom":true,
        "json":true,
        "errors":true,
        "customPrivate":true,
          "minSelectedCount":true,
          "maxSelectedCount":true,
          "minSelectedCountMessage":true,
          "maxSelectedCountMessage":true

      },
      "logic": {
          "LogicName": true,
          "TriggerType":true,
          "SimpleShow":true,
          "SimpleWhen":true,
          "SimpleHas":true,
          "ActionName":true,
          "ActionType":true,
          "ActionCustom":true,
          "EventName":true
      } 
    },
    "tabs": {
      "display": {
        "label": true,
        "labelWidth": true,
        "numberOfColumns":false,
        "AccordianColumns":false,
        "tabsPosition":true,
        "tabsData":true,
        "numberOfRows":false,
        "numberOfAccordianColumn":false,
        "labelMargin": true,
        "labelPosition": false,
        "optionsLabelPosition": true,
        "AccordianColumn":false,
        "action": false,
        "numberOfTabs":true,
        "theme": false,
        "size": true,
        "leftIcon/rightIcon": true,
         "placeholder":true,
        "description": true,
        "rows": true,
        "tooltip": true,
        "prefix": false,
        "suffix": false,
        "widget": false,
        "editor": true,
        "format":true,
        "customClass": true,
        "autocomplete": false,
        "disableOnInvalid": true,
        "inline": true,
        "hidden":true,
        "hideLabel":true,
        "uniqueOptions":true,
        "showWordCount":true,
        "showCharCount":true,
        "mask":true,
        "autofocus":true,
        "spellcheck":true,
        "disabled":true,
        "tableView":true,
        "modalEdit":true,
        "shortcut":true,
        "inputMask":false,
        "displayMask":false,
        "applyMaskOn":false,
        "tabindex":true,
        "type":true
      },
      "data":{
        "multiple":false,
        "dataSrc":true,
        "defaultValue":true,
        "dataType":true,
        "idPath":true,
        "template":true,
        "refreshOn":true,
        "refreshOnBlur":true,
        "searchEnabled":true,
        "selectThreshold":true,
        "readOnlyValue":true,
        "customOptions":true,
        "useExactSearch":true,
        "clearOnRefresh":true,
        "protected":true,
        "dbIndex":true,
        "label":true,
        "value":true,
        "shortcut":true,
        "delimiter":true,
        "decimalLimit":true,
        "requireDecimal":true,
        "inputFormat":true,
        "case":true,
        "truncateMultipleSpaces":true,
        "encrypted":true,
        "redrawOn":true
      },
      "validation":{
        "applyMaskOn":true,
        "required":true,
        "onlyAvailableItems":true,
        "unique":true,
        "min":true,
        "max":true,
        "minLength":false,
        "maxLength":false,
        "minWords":false,
        "maxWords":false,
        "pattern":true,
        "errorLabel":true,
        "customMessage":true,
        "custom":true,
        "json":true,
        "errors":true,
        "customPrivate":true,
          "minSelectedCount":true,
          "maxSelectedCount":true,
          "minSelectedCountMessage":true,
          "maxSelectedCountMessage":true

      },
      "logic": {
          "LogicName": true,
          "TriggerType":true,
          "SimpleShow":true,
          "SimpleWhen":true,
          "SimpleHas":true,
          "ActionName":true,
          "ActionType":true,
          "ActionCustom":true,
          "EventName":true
      } 
    },
    "Data Grid": {
      "display": {
        "label": true,
        "labelWidth": true,
        "numberOfColumns":false,
        "numberOfGrid":true, 
        "AccordianColumns":false,
        "tabsPosition":true,
        "tabsData":true,
        "numberOfRows":false,
        "numberOfAccordianColumn":false,
        "labelMargin": true,
        "labelPosition": false,
        "optionsLabelPosition": true,
        "AccordianColumn":false,
        "action": false,
        "numberOfTabs":true,
        "theme": false,
        "size": true,
        "leftIcon/rightIcon": true,
         "placeholder":true,
        "description": true,
        "rows": true,
        "tooltip": true,
        "prefix": false,
        "suffix": false,
        "widget": false,
        "editor": true,
        "format":true,
        "customClass": true,
        "autocomplete": false,
        "disableOnInvalid": true,
        "inline": true,
        "hidden":true,
        "hideLabel":true,
        "uniqueOptions":true,
        "showWordCount":true,
        "showCharCount":true,
        "mask":true,
        "autofocus":true,
        "spellcheck":true,
        "disabled":true,
        "tableView":true,
        "modalEdit":true,
        "shortcut":true,
        "inputMask":false,
        "displayMask":false,
        "applyMaskOn":false,
        "tabindex":true,
        "type":true
      },
      "data":{
        "multiple":false,
        "dataSrc":true,
        "defaultValue":true,
        "dataType":true,
        "idPath":true,
        "template":true,
        "refreshOn":true,
        "refreshOnBlur":true,
        "searchEnabled":true,
        "selectThreshold":true,
        "readOnlyValue":true,
        "customOptions":true,
        "useExactSearch":true,
        "clearOnRefresh":true,
        "protected":true,
        "dbIndex":true,
        "label":true,
        "value":true,
        "shortcut":true,
        "delimiter":true,
        "decimalLimit":true,
        "requireDecimal":true,
        "inputFormat":true,
        "case":true,
        "truncateMultipleSpaces":true,
        "encrypted":true,
        "redrawOn":true
      },
      "validation":{
        "applyMaskOn":true,
        "required":true,
        "onlyAvailableItems":true,
        "unique":true,
        "min":true,
        "max":true,
        "minLength":false,
        "maxLength":false,
        "minWords":false,
        "maxWords":false,
        "pattern":true,
        "errorLabel":true,
        "customMessage":true,
        "custom":true,
        "json":true,
        "errors":true,
        "customPrivate":true,
          "minSelectedCount":true,
          "maxSelectedCount":true,
          "minSelectedCountMessage":true,
          "maxSelectedCountMessage":true

      },
      "logic": {
          "LogicName": true,
          "TriggerType":true,
          "SimpleShow":true,
          "SimpleWhen":true,
          "SimpleHas":true,
          "ActionName":true,
          "ActionType":true,
          "ActionCustom":true,
          "EventName":true
      } 
    }
    }
}

