{
  "Basic": {
    "Text Field": {
      "display": {
        "label": "",
        "labelWidth": "",
        "labelMargin": "",
        "labelPosition": "",
        "optionsLabelPosition": "",
        "action": "",
        "theme": "",
        "size": "",
        "leftIcon/rightIcon": "",
        "placeholder": "",
        "description": "",
        "rows": "",
        "tooltip": "",
        "prefix": "",
        "suffix": "",
        "widget": "",
        "editor": "",
        "customClass": "",
        "autocomplete": "",
        "disableOnInvalid": "",
        "inline": "",
        "hidden": "",
        "hideLabel": "",
        "uniqueOptions": "",
        "showWordCount": "",
        "showCharCount": "",
        "mask": "",
        "autofocus": "",
        "spellcheck": "",
        "disabled": "",
        "tableView": "",
        "modalEdit": "",
        "shortcut": "",
        "inputMask": "",
        "displayMask": "",
        "applyMaskOn": "",
        "tabindex": "",
        "type": ""
      },
      "data": {
        "multiple": "",
        "dataSrc": "",
        "defaultValue": "",
        "dataType": "",
        "idPath": "",
        "template": "",
        "refreshOn": "",
        "refreshOnBlur": "",
        "searchEnabled": "",
        "selectThreshold": "",
        "readOnlyValue": "",
        "customOptions": "",
        "useExactSearch": "",
        "clearOnRefresh": "",
        "protected": "",
        "dbIndex": "",
        "label": "",
        "value": "",
        "shortcut": "",
        "delimiter": "",
        "decimalLimit": "",
        "requireDecimal": "",
        "inputFormat": "",
        "case": "",
        "truncateMultipleSpaces": "",
        "encrypted": "",
        "redrawOn": ""
      },
      "validation": {
        "applyMaskOn": "",
        "required": "",
        "onlyAvailableItems": "",
        "unique": "",
        "min": "",
        "max": "",
        "minLength": "",
        "maxLength": "",
        "minWords": "",
        "maxWords": "",
        "pattern": "",
        "errorLabel": "",
        "customMessage": "",
        "custom": "",
        "json": "",
        "errors": "",
        "customPrivate": "",
        "minSelectedCount": "",
        "maxSelectedCount": "",
        "minSelectedCountMessage": "",
        "maxSelectedCountMessage": ""
      },
      "api": {
        "apiKey": "",
        "tags": "",
        "customProperties_Key": ""
      },
      "logic": {
        "LogicName": "",
        "TriggerType": "",
        "SimpleShow": "",
        "SimpleWhen": "",
        "SimpleHas": "",
        "ActionName": "",
        "ActionType": "",
        "ActionCustom": "",
        "EventName": ""
      }
    },
    "Text Area": {
      "display": {
        "label": "",
        "labelWidth": "",
        "labelMargin": "",
        "labelPosition": "",
        "optionsLabelPosition": "",
        "action": "",
        "theme": "",
        "size": "",
        "leftIcon/rightIcon": "",
        "placeholder": "",
        "description": "",
        "rows": "",
        "tooltip": "",
        "prefix": "",
        "suffix": "",
        "widget": "",
        "editor": "",
        "customClass": "",
        "autocomplete": "",
        "disableOnInvalid": "",
        "inline": "",
        "autofocus": "",
        "hidden": "",
        "hideLabel": "",
        "uniqueOptions": "",
        "showWordCount": "",
        "showCharCount": "",
        "mask": "",
        "autofocus": "",
        "spellcheck": "",
        "disabled": "",
        "tableView": "",
        "modalEdit": "",
        "shortcut": "",
        "inputMask": "",
        "displayMask": "",
        "applyMaskOn": "",
        "tabindex": "",
        "type": ""
      },
      "data": {
        "multiple": "",
        "dataSrc": "",
        "defaultValue": "",
        "dataType": "",
        "idPath": "",
        "template": "",
        "refreshOn": "",
        "refreshOnBlur": "",
        "searchEnabled": "",
        "selectThreshold": "",
        "readOnlyValue": "",
        "customOptions": "",
        "useExactSearch": "",
        "clearOnRefresh": "",
        "protected": "",
        "dbIndex": "",
        "label": "",
        "value": "",
        "shortcut": "",
        "delimiter": "",
        "decimalLimit": "",
        "requireDecimal": "",
        "inputFormat": "",
        "case": "",
        "truncateMultipleSpaces": "",
        "encrypted": "",
        "redrawOn": ""
      },
      "validation": {
        "applyMaskOn": "",
        "required": "",
        "onlyAvailableItems": "",
        "unique": "",
        "min": "",
        "max": "",
        "minLength": "",
        "maxLength": "",
        "minWords": "",
        "maxWords": "",
        "pattern": "",
        "errorLabel": "",
        "customMessage": "",
        "custom": "",
        "json": "",
        "errors": "",
        "customPrivate": "",
        "minSelectedCount": "",
        "maxSelectedCount": "",
        "minSelectedCountMessage": "",
        "maxSelectedCountMessage": ""
      },
      "api": {
        "apiKey": "",
        "tags": "",
        "customProperties_Key": ""
      },
      "logic": {
        "LogicName": "",
        "TriggerType": "",
        "SimpleShow": "",
        "SimpleWhen": "",
        "SimpleHas": "",
        "ActionName": "",
        "ActionType": "",
        "ActionCustom": "",
        "EventName": ""
      }
    },
    "Number": {
      "display": {
        "label": "",
        "labelWidth": "",
        "labelMargin": "",
        "labelPosition": "",
        "optionsLabelPosition": "",
        "action": "",
        "theme": "",
        "size": "",
        "leftIcon/rightIcon": "",
        "placeholder": "",
        "description": "",
        "rows": "",
        "tooltip": "",
        "prefix": "",
        "suffix": "",
        "widget": "",
        "editor": "",
        "customClass": "",
        "autocomplete": "",
        "disableOnInvalid": "",
        "inline": "",
        "autofocus": "",
        "hidden": "",
        "hideLabel": "",
        "uniqueOptions": "",
        "showWordCount": "",
        "showCharCount": "",
        "mask": "",
        "autofocus": "",
        "spellcheck": "",
        "disabled": "",
        "tableView": "",
        "modalEdit": "",
        "shortcut": "",
        "inputMask": "",
        "displayMask": "",
        "applyMaskOn": "",
        "tabindex": "",
        "type": ""
      },
      "data": {
        "multiple": "",
        "dataSrc": "",
        "defaultValue": "",
        "dataType": "",
        "idPath": "",
        "template": "",
        "refreshOn": "",
        "refreshOnBlur": "",
        "searchEnabled": "",
        "selectThreshold": "",
        "readOnlyValue": "",
        "customOptions": "",
        "useExactSearch": "",
        "clearOnRefresh": "",
        "protected": "",
        "dbIndex": "",
        "label": "",
        "value": "",
        "shortcut": "",
        "delimiter": "",
        "decimalLimit": "",
        "requireDecimal": "",
        "inputFormat": "",
        "case": "",
        "truncateMultipleSpaces": "",
        "encrypted": "",
        "redrawOn": ""
      },
      "validation": {
        "applyMaskOn": "",
        "required": "",
        "onlyAvailableItems": "",
        "unique": "",
        "min": "",
        "max": "",
        "minLength": "",
        "maxLength": "",
        "minWords": "",
        "maxWords": "",
        "pattern": "",
        "errorLabel": "",
        "customMessage": "",
        "custom": "",
        "json": "",
        "errors": "",
        "customPrivate": "",
        "minSelectedCount": "",
        "maxSelectedCount": "",
        "minSelectedCountMessage": "",
        "maxSelectedCountMessage": ""
      },
      "api": {
        "apiKey": "",
        "tags": "",
        "customProperties_Key": ""
      },
      "logic": {
        "LogicName": "",
        "TriggerType": "",
        "SimpleShow": "",
        "SimpleWhen": "",
        "SimpleHas": "",
        "ActionName": "",
        "ActionType": "",
        "ActionCustom": "",
        "EventName": ""
      }
    },
    "Password": {
      "display": {
        "label": "",
        "labelWidth": "",
        "labelMargin": "",
        "labelPosition": "",
        "optionsLabelPosition": "",
        "action": "",
        "theme": "",
        "size": "",
        "leftIcon/rightIcon": "",
        "placeholder": "",
        "description": "",
        "rows": "",
        "tooltip": "",
        "prefix": "",
        "suffix": "",
        "widget": "",
        "editor": "",
        "customClass": "",
        "autocomplete": "",
        "disableOnInvalid": "",
        "inline": "",
        "autofocus": "",
        "hidden": "",
        "hideLabel": "",
        "uniqueOptions": "",
        "showWordCount": "",
        "showCharCount": "",
        "mask": "",
        "autofocus": "",
        "spellcheck": "",
        "disabled": "",
        "tableView": "",
        "modalEdit": "",
        "shortcut": "",
        "inputMask": "",
        "displayMask": "",
        "applyMaskOn": "",
        "tabindex": "",
        "type": ""
      },
      "data": {
        "multiple": "",
        "dataSrc": "",
        "defaultValue": "",
        "dataType": "",
        "idPath": "",
        "template": "",
        "refreshOn": "",
        "refreshOnBlur": "",
        "searchEnabled": "",
        "selectThreshold": "",
        "readOnlyValue": "",
        "customOptions": "",
        "useExactSearch": "",
        "clearOnRefresh": "",
        "protected": "",
        "dbIndex": "",
        "label": "",
        "value": "",
        "shortcut": "",
        "delimiter": "",
        "decimalLimit": "",
        "requireDecimal": "",
        "inputFormat": "",
        "case": "",
        "truncateMultipleSpaces": "",
        "encrypted": "",
        "redrawOn": ""
      },
      "validation": {
        "applyMaskOn": "",
        "required": "",
        "onlyAvailableItems": "",
        "unique": "",
        "min": "",
        "max": "",
        "minLength": "",
        "maxLength": "",
        "minWords": "",
        "maxWords": "",
        "pattern": "",
        "errorLabel": "",
        "customMessage": "",
        "custom": "",
        "json": "",
        "errors": "",
        "customPrivate": "",
        "minSelectedCount": "",
        "maxSelectedCount": "",
        "minSelectedCountMessage": "",
        "maxSelectedCountMessage": ""
      },
      "api": {
        "apiKey": "",
        "tags": "",
        "customProperties_Key": ""
      },
      "logic": {
        "LogicName": "",
        "TriggerType": "",
        "SimpleShow": "",
        "SimpleWhen": "",
        "SimpleHas": "",
        "ActionName": "",
        "ActionType": "",
        "ActionCustom": "",
        "EventName": ""
      }
    },
    "Checkbox": {
      "display": {
        "label": "",
        "labelWidth": "",
        "labelMargin": "",
        "labelPosition": "",
        "optionsLabelPosition": "",
        "action": "",
        "theme": "",
        "size": "",
        "leftIcon/rightIcon": "",
        "placeholder": "",
        "description": "",
        "rows": "",
        "tooltip": "",
        "prefix": "",
        "suffix": "",
        "widget": "",
        "editor": "",
        "customClass": "",
        "autocomplete": "",
        "disableOnInvalid": "",
        "inline": "",
        "autofocus": "",
        "hidden": "",
        "hideLabel": "",
        "uniqueOptions": "",
        "showWordCount": "",
        "showCharCount": "",
        "mask": "",
        "autofocus": "",
        "spellcheck": "",
        "disabled": "",
        "tableView": "",
        "modalEdit": "",
        "shortcut": "",
        "inputMask": "",
        "displayMask": "",
        "applyMaskOn": "",
        "tabindex": "",
        "type": ""
      },
      "data": {
        "multiple": "",
        "dataSrc": "",
        "defaultValue": "",
        "dataType": "",
        "idPath": "",
        "template": "",
        "refreshOn": "",
        "refreshOnBlur": "",
        "searchEnabled": "",
        "selectThreshold": "",
        "readOnlyValue": "",
        "customOptions": "",
        "useExactSearch": "",
        "clearOnRefresh": "",
        "protected": "",
        "dbIndex": "",
        "label": "",
        "value": "",
        "shortcut": "",
        "delimiter": "",
        "decimalLimit": "",
        "requireDecimal": "",
        "inputFormat": "",
        "case": "",
        "truncateMultipleSpaces": "",
        "encrypted": "",
        "redrawOn": ""
      },
      "validation": {
        "applyMaskOn": "",
        "required": "",
        "onlyAvailableItems": "",
        "unique": "",
        "min": "",
        "max": "",
        "minLength": "",
        "maxLength": "",
        "minWords": "",
        "maxWords": "",
        "pattern": "",
        "errorLabel": "",
        "customMessage": "",
        "custom": "",
        "json": "",
        "errors": "",
        "customPrivate": "",
        "minSelectedCount": "",
        "maxSelectedCount": "",
        "minSelectedCountMessage": "",
        "maxSelectedCountMessage": ""
      },
      "api": {
        "apiKey": "",
        "tags": "",
        "customProperties_Key": ""
      },
      "logic": {
        "LogicName": "",
        "TriggerType": "",
        "SimpleShow": "",
        "SimpleWhen": "",
        "SimpleHas": "",
        "ActionName": "",
        "ActionType": "",
        "ActionCustom": "",
        "EventName": ""
      }
    },
    "Select Box": {
      "display": {
        "label": "",
        "labelWidth": "",
        "labelMargin": "",
        "labelPosition": "",
        "optionsLabelPosition": "",
        "action": "",
        "theme": "",
        "size": "",
        "leftIcon/rightIcon": "",
        "placeholder": "",
        "description": "",
        "rows": "",
        "tooltip": "",
        "prefix": "",
        "suffix": "",
        "widget": "",
        "editor": "",
        "customClass": "",
        "autocomplete": "",
        "disableOnInvalid": "",
        "inline": "",
        "autofocus": "",
        "hidden": "",
        "hideLabel": "",
        "uniqueOptions": "",
        "showWordCount": "",
        "showCharCount": "",
        "mask": "",
        "autofocus": "",
        "spellcheck": "",
        "disabled": "",
        "tableView": "",
        "modalEdit": "",
        "shortcut": "",
        "inputMask": "",
        "displayMask": "",
        "applyMaskOn": "",
        "tabindex": "",
        "type": ""
      },
      "data": {
        "multiple": "",
        "dataSrc": "",
        "defaultValue": "",
        "dataType": "",
        "idPath": "",
        "template": "",
        "refreshOn": "",
        "refreshOnBlur": "",
        "searchEnabled": "",
        "selectThreshold": "",
        "readOnlyValue": "",
        "customOptions": "",
        "useExactSearch": "",
        "clearOnRefresh": "",
        "protected": "",
        "dbIndex": "",
        "label": "",
        "value": "",
        "shortcut": "",
        "delimiter": "",
        "decimalLimit": "",
        "requireDecimal": "",
        "inputFormat": "",
        "case": "",
        "truncateMultipleSpaces": "",
        "encrypted": "",
        "redrawOn": ""
      },
      "validation": {
        "applyMaskOn": "",
        "required": "",
        "onlyAvailableItems": "",
        "unique": "",
        "min": "",
        "max": "",
        "minLength": "",
        "maxLength": "",
        "minWords": "",
        "maxWords": "",
        "pattern": "",
        "errorLabel": "",
        "customMessage": "",
        "custom": "",
        "json": "",
        "errors": "",
        "customPrivate": "",
        "minSelectedCount": "",
        "maxSelectedCount": "",
        "minSelectedCountMessage": "",
        "maxSelectedCountMessage": ""
      },
      "api": {
        "apiKey": "",
        "tags": "",
        "customProperties_Key": ""
      },
      "logic": {
        "LogicName": "",
        "TriggerType": "",
        "SimpleShow": "",
        "SimpleWhen": "",
        "SimpleHas": "",
        "ActionName": "",
        "ActionType": "",
        "ActionCustom": "",
        "EventName": ""
      }
    },
    "Phone": {
      "display": {
        "label": "",
        "labelWidth": "",
        "labelMargin": "",
        "labelPosition": "",
        "optionsLabelPosition": "",
        "action": "",
        "theme": "",
        "size": "",
        "leftIcon/rightIcon": "",
        "placeholder": "",
        "description": "",
        "rows": "",
        "tooltip": "",
        "prefix": "",
        "suffix": "",
        "widget": "",
        "editor": "",
        "customClass": "",
        "autocomplete": "",
        "disableOnInvalid": "",
        "inline": "",
        "hidden": "",
        "hideLabel": "",
        "uniqueOptions": "",
        "showWordCount": "",
        "showCharCount": "",
        "mask": "",
        "autofocus": "",
        "spellcheck": "",
        "disabled": "",
        "tableView": "",
        "modalEdit": "",
        "shortcut": "",
        "inputMask": "",
        "displayMask": "",
        "applyMaskOn": "",
        "tabindex": "",
        "type": ""
      },
      "data": {
        "multiple": "",
        "dataSrc": "",
        "defaultValue": "",
        "dataType": "",
        "idPath": "",
        "template": "",
        "refreshOn": "",
        "refreshOnBlur": "",
        "searchEnabled": "",
        "selectThreshold": "",
        "readOnlyValue": "",
        "customOptions": "",
        "useExactSearch": "",
        "clearOnRefresh": "",
        "protected": "",
        "dbIndex": "",
        "label": "",
        "value": "",
        "shortcut": "",
        "delimiter": "",
        "decimalLimit": "",
        "requireDecimal": "",
        "inputFormat": "",
        "case": "",
        "truncateMultipleSpaces": "",
        "encrypted": "",
        "redrawOn": ""
      },
      "validation": {
        "applyMaskOn": "",
        "required": "",
        "onlyAvailableItems": "",
        "unique": "",
        "min": "",
        "max": "",
        "minLength": "",
        "maxLength": "",
        "minWords": "",
        "maxWords": "",
        "pattern": "",
        "errorLabel": "",
        "customMessage": "",
        "custom": "",
        "json": "",
        "errors": "",
        "customPrivate": "",
        "minSelectedCount": "",
        "maxSelectedCount": "",
        "minSelectedCountMessage": "",
        "maxSelectedCountMessage": ""
      },
      "api": {
        "apiKey": "",
        "tags": "",
        "customProperties_Key": ""
      },
      "logic": {
        "LogicName": "",
        "TriggerType": "",
        "SimpleShow": "",
        "SimpleWhen": "",
        "SimpleHas": "",
        "ActionName": "",
        "ActionType": "",
        "ActionCustom": "",
        "EventName": ""
      }
    },
    "Select": {
      "display": {
        "label": "",
        "labelWidth": "",
        "labelMargin": "",
        "labelPosition": "",
        "optionsLabelPosition": "",
        "action": "",
        "theme": "",
        "size": "",
        "leftIcon/rightIcon": "",
        "placeholder": "",
        "description": "",
        "rows": "",
        "tooltip": "",
        "prefix": "",
        "suffix": "",
        "widget": "",
        "editor": "",
        "customClass": "",
        "autocomplete": "",
        "disableOnInvalid": "",
        "inline": "",
        "autofocus": "",
        "hidden": "",
        "hideLabel": "",
        "uniqueOptions": "",
        "showWordCount": "",
        "showCharCount": "",
        "mask": "",
        "autofocus": "",
        "spellcheck": "",
        "disabled": "",
        "tableView": "",
        "modalEdit": "",
        "shortcut": "",
        "inputMask": "",
        "displayMask": "",
        "applyMaskOn": "",
        "tabindex": "",
        "type": ""
      },
      "data": {
        "multiple": "",
        "dataSrc": "",
        "defaultValue": "",
        "dataType": "",
        "idPath": "",
        "template": "",
        "refreshOn": "",
        "refreshOnBlur": "",
        "searchEnabled": "",
        "selectThreshold": "",
        "readOnlyValue": "",
        "customOptions": "",
        "useExactSearch": "",
        "clearOnRefresh": "",
        "protected": "",
        "dbIndex": "",
        "label": "",
        "value": "",
        "shortcut": "",
        "delimiter": "",
        "decimalLimit": "",
        "requireDecimal": "",
        "inputFormat": "",
        "case": "",
        "truncateMultipleSpaces": "",
        "encrypted": "",
        "redrawOn": ""
      },
      "validation": {
        "applyMaskOn": "",
        "required": "",
        "onlyAvailableItems": "",
        "unique": "",
        "min": "",
        "max": "",
        "minLength": "",
        "maxLength": "",
        "minWords": "",
        "maxWords": "",
        "pattern": "",
        "errorLabel": "",
        "customMessage": "",
        "custom": "",
        "json": "",
        "errors": "",
        "customPrivate": "",
        "minSelectedCount": "",
        "maxSelectedCount": "",
        "minSelectedCountMessage": "",
        "maxSelectedCountMessage": ""
      },
      "api": {
        "apiKey": "",
        "tags": "",
        "customProperties_Key": ""
      },
      "logic": {
        "LogicName": "",
        "TriggerType": "",
        "SimpleShow": "",
        "SimpleWhen": "",
        "SimpleHas": "",
        "ActionName": "",
        "ActionType": "",
        "ActionCustom": "",
        "EventName": ""
      }
    },
    "Radio": {
      "display": {
        "label": "",
        "labelWidth": "",
        "labelMargin": "",
        "labelPosition": "",
        "optionsLabelPosition": "",
        "action": "",
        "theme": "",
        "size": "",
        "leftIcon/rightIcon": "",
        "placeholder": "",
        "description": "",
        "rows": "",
        "tooltip": "",
        "prefix": "",
        "suffix": "",
        "widget": "",
        "editor": "",
        "customClass": "",
        "autocomplete": "",
        "disableOnInvalid": "",
        "inline": "",
        "autofocus": "",
        "hidden": "",
        "hideLabel": "",
        "uniqueOptions": "",
        "showWordCount": "",
        "showCharCount": "",
        "mask": "",
        "spellcheck": "",
        "disabled": "",
        "tableView": "",
        "modalEdit": "",
        "shortcut": "",
        "inputMask": "",
        "displayMask": "",
        "applyMaskOn": "",
        "tabindex": "",
        "type": ""
      },
      "data": {
        "multiple": "",
        "dataSrc": "",
        "defaultValue": "",
        "dataType": "",
        "idPath": "",
        "template": "",
        "refreshOn": "",
        "refreshOnBlur": "",
        "searchEnabled": "",
        "selectThreshold": "",
        "readOnlyValue": "",
        "customOptions": "",
        "useExactSearch": "",
        "clearOnRefresh": "",
        "protected": "",
        "dbIndex": "",
        "label": "",
        "value": "",
        "shortcut": "",
        "delimiter": "",
        "decimalLimit": "",
        "requireDecimal": "",
        "inputFormat": "",
        "case": "",
        "truncateMultipleSpaces": "",
        "encrypted": "",
        "redrawOn": ""
      },
      "validation": {
        "applyMaskOn": "",
        "required": "",
        "onlyAvailableItems": "",
        "unique": "",
        "min": "",
        "max": "",
        "minLength": "",
        "maxLength": "",
        "minWords": "",
        "maxWords": "",
        "pattern": "",
        "errorLabel": "",
        "customMessage": "",
        "custom": "",
        "json": "",
        "errors": "",
        "customPrivate": "",
        "minSelectedCount": "",
        "maxSelectedCount": "",
        "minSelectedCountMessage": "",
        "maxSelectedCountMessage": ""
      },
      "api": {
        "apiKey": "",
        "tags": "",
        "customProperties_Key": ""
      },
      "logic": {
        "LogicName": "",
        "TriggerType": "",
        "SimpleShow": "",
        "SimpleWhen": "",
        "SimpleHas": "",
        "ActionName": "",
        "ActionType": "",
        "ActionCustom": "",
        "EventName": ""
      }
    },
    "Button": {
      "display": {
        "label": "",
        "labelWidth": "",
        "labelMargin": "",
        "labelPosition": "",
        "optionsLabelPosition": "",
        "action": "",
        "eventName": "",
        "theme": "",
        "size": "",
        "leftIcon/rightIcon": "",
        "placeholder": "",
        "description": "",
        "rows": "",
        "tooltip": "",
        "prefix": "",
        "suffix": "",
        "widget": "",
        "editor": "",
        "customClass": "",
        "autocomplete": "",
        "disableOnInvalid": "",
        "inline": "",
        "hidden": "",
        "hideLabel": "",
        "uniqueOptions": "",
        "showWordCount": "",
        "showCharCount": "",
        "mask": "",
        "autofocus": "",
        "spellcheck": "",
        "disabled": "",
        "tableView": "",
        "modalEdit": "",
        "shortcut": "",
        "inputMask": "",
        "displayMask": "",
        "applyMaskOn": "",
        "tabindex": "",
        "type": ""
      },
      "api": {
        "apiKey": "",
        "tags": "",
        "customProperties_Key": ""
      },
      "logic": {
        "LogicName": "",
        "TriggerType": "",
        "SimpleShow": "",
        "SimpleWhen": "",
        "SimpleHas": "",
        "ActionName": "",
        "ActionType": "",
        "ActionCustom": "",
        "EventName": ""
      }
    },
    "email": {
      "display": {
        "label": "",
        "labelWidth": "",
        "labelMargin": "",
        "labelPosition": "",
        "optionsLabelPosition": "",
        "action": "",
        "theme": "",
        "size": "",
        "leftIcon/rightIcon": "",
        "placeholder": "",
        "description": "",
        "rows": "",
        "tooltip": "",
        "prefix": "",
        "suffix": "",
        "widget": "",
        "editor": "",
        "customClass": "",
        "autocomplete": "",
        "disableOnInvalid": "",
        "inline": "",
        "hidden": "",
        "hideLabel": "",
        "uniqueOptions": "",
        "showWordCount": "",
        "showCharCount": "",
        "mask": "",
        "autofocus": "",
        "spellcheck": "",
        "disabled": "",
        "tableView": "",
        "modalEdit": "",
        "shortcut": "",
        "inputMask": "",
        "displayMask": "",
        "applyMaskOn": "",
        "tabindex": "",
        "type": ""
      },
      "data": {
        "multiple": "",
        "dataSrc": "",
        "defaultValue": "",
        "dataType": "",
        "idPath": "",
        "template": "",
        "refreshOn": "",
        "refreshOnBlur": "",
        "searchEnabled": "",
        "selectThreshold": "",
        "readOnlyValue": "",
        "customOptions": "",
        "useExactSearch": "",
        "clearOnRefresh": "",
        "protected": "",
        "dbIndex": "",
        "label": "",
        "value": "",
        "shortcut": "",
        "delimiter": "",
        "decimalLimit": "",
        "requireDecimal": "",
        "inputFormat": "",
        "case": "",
        "truncateMultipleSpaces": "",
        "encrypted": "",
        "redrawOn": ""
      },
      "validation": {
        "applyMaskOn": "",
        "required": "",
        "onlyAvailableItems": "",
        "unique": "",
        "min": "",
        "max": "",
        "minLength": "",
        "maxLength": "",
        "minWords": "",
        "maxWords": "",
        "pattern": "",
        "errorLabel": "",
        "customMessage": "",
        "custom": "",
        "json": "",
        "errors": "",
        "customPrivate": "",
        "minSelectedCount": "",
        "maxSelectedCount": "",
        "minSelectedCountMessage": "",
        "maxSelectedCountMessage": ""
      },
      "api": {
        "apiKey": "",
        "tags": "",
        "customProperties_Key": ""
      },
      "logic": {
        "LogicName": "",
        "TriggerType": "",
        "SimpleShow": "",
        "SimpleWhen": "",
        "SimpleHas": "",
        "ActionName": "",
        "ActionType": "",
        "ActionCustom": "",
        "EventName": ""
      }
    },
    "url": {
      "display": {
        "label": "",
        "labelWidth": "",
        "labelMargin": "",
        "labelPosition": "",
        "optionsLabelPosition": "",
        "action": "",
        "theme": "",
        "size": "",
        "leftIcon/rightIcon": "",
        "placeholder": "",
        "description": "",
        "rows": "",
        "tooltip": "",
        "prefix": "",
        "suffix": "",
        "widget": "",
        "editor": "",
        "customClass": "",
        "autocomplete": "",
        "disableOnInvalid": "",
        "inline": "",
        "hidden": "",
        "hideLabel": "",
        "uniqueOptions": "",
        "showWordCount": "",
        "showCharCount": "",
        "mask": "",
        "autofocus": "",
        "spellcheck": "",
        "disabled": "",
        "tableView": "",
        "modalEdit": "",
        "shortcut": "",
        "inputMask": "",
        "displayMask": "",
        "applyMaskOn": "",
        "tabindex": "",
        "type": ""
      },
      "data": {
        "multiple": "",
        "dataSrc": "",
        "defaultValue": "",
        "dataType": "",
        "idPath": "",
        "template": "",
        "refreshOn": "",
        "refreshOnBlur": "",
        "searchEnabled": "",
        "selectThreshold": "",
        "readOnlyValue": "",
        "customOptions": "",
        "useExactSearch": "",
        "clearOnRefresh": "",
        "protected": "",
        "dbIndex": "",
        "label": "",
        "value": "",
        "shortcut": "",
        "delimiter": "",
        "decimalLimit": "",
        "requireDecimal": "",
        "inputFormat": "",
        "case": "",
        "truncateMultipleSpaces": "",
        "encrypted": "",
        "redrawOn": ""
      },
      "validation": {
        "applyMaskOn": "",
        "required": "",
        "onlyAvailableItems": "",
        "unique": "",
        "min": "",
        "max": "",
        "minLength": "",
        "maxLength": "",
        "minWords": "",
        "maxWords": "",
        "pattern": "",
        "errorLabel": "",
        "customMessage": "",
        "custom": "",
        "json": "",
        "errors": "",
        "customPrivate": "",
        "minSelectedCount": "",
        "maxSelectedCount": "",
        "minSelectedCountMessage": "",
        "maxSelectedCountMessage": ""
      },
      "api": {
        "apiKey": "",
        "tags": "",
        "customProperties_Key": ""
      },
      "logic": {
        "LogicName": "",
        "TriggerType": "",
        "SimpleShow": "",
        "SimpleWhen": "",
        "SimpleHas": "",
        "ActionName": "",
        "ActionType": "",
        "ActionCustom": "",
        "EventName": ""
      }
    },
    "container": {
      "display": {
        "label": "",
        "labelWidth": "",
        "labelMargin": "",
        "labelPosition": "",
        "optionsLabelPosition": "",
        "action": "",
        "theme": "",
        "size": "",
        "leftIcon/rightIcon": "",
        "placeholder": "",
        "description": "",
        "rows": "",
        "tooltip": "",
        "prefix": "",
        "suffix": "",
        "widget": "",
        "editor": "",
        "customClass": "",
        "autocomplete": "",
        "disableOnInvalid": "",
        "inline": "",
        "hidden": "",
        "hideLabel": "",
        "uniqueOptions": "",
        "showWordCount": "",
        "showCharCount": "",
        "mask": "",
        "autofocus": "",
        "spellcheck": "",
        "disabled": "",
        "tableView": "",
        "modalEdit": "",
        "shortcut": "",
        "inputMask": "",
        "displayMask": "",
        "applyMaskOn": "",
        "tabindex": "",
        "type": ""
      },
      "data": {
        "multiple": "",
        "dataSrc": "",
        "defaultValue": "",
        "dataType": "",
        "idPath": "",
        "template": "",
        "refreshOn": "",
        "refreshOnBlur": "",
        "searchEnabled": "",
        "selectThreshold": "",
        "readOnlyValue": "",
        "customOptions": "",
        "useExactSearch": "",
        "clearOnRefresh": "",
        "protected": "",
        "dbIndex": "",
        "label": "",
        "value": "",
        "shortcut": "",
        "delimiter": "",
        "decimalLimit": "",
        "requireDecimal": "",
        "inputFormat": "",
        "case": "",
        "truncateMultipleSpaces": "",
        "encrypted": "",
        "redrawOn": ""
      },
      "validation": {
        "applyMaskOn": "",
        "required": "",
        "onlyAvailableItems": "",
        "unique": "",
        "min": "",
        "max": "",
        "minLength": "",
        "maxLength": "",
        "minWords": "",
        "maxWords": "",
        "pattern": "",
        "errorLabel": "",
        "customMessage": "",
        "custom": "",
        "json": "",
        "errors": "",
        "customPrivate": "",
        "minSelectedCount": "",
        "maxSelectedCount": "",
        "minSelectedCountMessage": "",
        "maxSelectedCountMessage": ""
      },
      "api": {
        "apiKey": "",
        "tags": "",
        "customProperties_Key": ""
      },
      "logic": {
        "LogicName": "",
        "TriggerType": "",
        "SimpleShow": "",
        "SimpleWhen": "",
        "SimpleHas": "",
        "ActionName": "",
        "ActionType": "",
        "ActionCustom": "",
        "EventName": ""
      }
    },
    "signature": {
      "display": {
        "label": "",
        "imgURL": "",
        "bgColor": "",
        "footerLabel": "",
        "markerColor": "",
        "labelWidth": "",
        "labelMargin": "",
        "labelPosition": "",
        "optionsLabelPosition": "",
        "action": "",
        "theme": "",
        "size": "",
        "leftIcon/rightIcon": "",
        "placeholder": "",
        "description": "",
        "rows": "",
        "tooltip": "",
        "prefix": "",
        "suffix": "",
        "widget": "",
        "editor": "",
        "customClass": "",
        "autocomplete": "",
        "disableOnInvalid": "",
        "inline": "",
        "hidden": "",
        "hideLabel": "",
        "uniqueOptions": "",
        "showWordCount": "",
        "showCharCount": "",
        "mask": "",
        "autofocus": "",
        "spellcheck": "",
        "disabled": "",
        "tableView": "",
        "modalEdit": "",
        "shortcut": "",
        "inputMask": "",
        "displayMask": "",
        "applyMaskOn": "",
        "tabindex": "",
        "type": ""
      },
      "data": {
        "multiple": "",
        "dataSrc": "",
        "defaultValue": "",
        "dataType": "",
        "idPath": "",
        "template": "",
        "refreshOn": "",
        "refreshOnBlur": "",
        "searchEnabled": "",
        "selectThreshold": "",
        "readOnlyValue": "",
        "customOptions": "",
        "useExactSearch": "",
        "clearOnRefresh": "",
        "protected": "",
        "dbIndex": "",
        "label": "",
        "value": "",
        "shortcut": "",
        "delimiter": "",
        "decimalLimit": "",
        "requireDecimal": "",
        "inputFormat": "",
        "case": "",
        "truncateMultipleSpaces": "",
        "encrypted": "",
        "redrawOn": ""
      },
      "validation": {
        "applyMaskOn": "",
        "required": "",
        "onlyAvailableItems": "",
        "unique": "",
        "min": "",
        "max": "",
        "minLength": "",
        "maxLength": "",
        "minWords": "",
        "maxWords": "",
        "pattern": "",
        "errorLabel": "",
        "customMessage": "",
        "custom": "",
        "json": "",
        "errors": "",
        "customPrivate": "",
        "minSelectedCount": "",
        "maxSelectedCount": "",
        "minSelectedCountMessage": "",
        "maxSelectedCountMessage": ""
      },
      "api": {
        "apiKey": "",
        "tags": "",
        "customProperties_Key": ""
      },
      "logic": {
        "LogicName": "",
        "TriggerType": "",
        "SimpleShow": "",
        "SimpleWhen": "",
        "SimpleHas": "",
        "ActionName": "",
        "ActionType": "",
        "ActionCustom": "",
        "EventName": ""
      }
    },
    "Day": {
      "display": {
        "label": "",
        "labelWidth": "",
        "labelMargin": "",
        "labelPosition": "",
        "optionsLabelPosition": "",
        "action": "",
        "theme": "",
        "size": "",
        "leftIcon/rightIcon": "",
        "placeholder": "",
        "description": "",
        "rows": "",
        "tooltip": "",
        "prefix": "",
        "suffix": "",
        "widget": "",
        "editor": "",
        "customClass": "",
        "autocomplete": "",
        "disableOnInvalid": "",
        "inline": "",
        "hidden": "",
        "hideLabel": "",
        "uniqueOptions": "",
        "showWordCount": "",
        "showCharCount": "",
        "mask": "",
        "autofocus": "",
        "spellcheck": "",
        "disabled": "",
        "tableView": "",
        "modalEdit": "",
        "shortcut": "",
        "inputMask": "",
        "displayMask": "",
        "applyMaskOn": "",
        "tabindex": "",
        "fieldDay": "",
        "fieldMonth": "",
        "fieldYear": "",
        "fieldDayPlaceholder": "",
        "fieldMonthPlaceholder": "",
        "fieldYearPlaceholder": "",
        "fields": {
          "day": {
            "hide": "",
            "type": "select",
            "placeholder": "",
            "required": ""
          },
          "month": {
            "hide": "",
            "type": "select",
            "placeholder": "",
            "required": ""
          },
          "year": {
            "hide": "",
            "type": "select",
            "placeholder": "",
            "required": ""
          }
        }
      },
      "data": {
        "multiple": "",
        "dataSrc": "",
        "defaultValue": "",
        "dataType": "",
        "idPath": "",
        "template": "",
        "refreshOn": "",
        "refreshOnBlur": "",
        "searchEnabled": "",
        "selectThreshold": "",
        "readOnlyValue": "",
        "customOptions": "",
        "useExactSearch": "",
        "clearOnRefresh": "",
        "protected": "",
        "dbIndex": "",
        "label": "",
        "value": "",
        "shortcut": "",
        "delimiter": "",
        "decimalLimit": "",
        "requireDecimal": "",
        "inputFormat": "",
        "case": "",
        "truncateMultipleSpaces": "",
        "encrypted": "",
        "redrawOn": ""
      },
      "validation": {
        "applyMaskOn": "",
        "required": "",
        "onlyAvailableItems": "",
        "unique": "",
        "min": "",
        "max": "",
        "minLength": "",
        "maxLength": "",
        "minWords": "",
        "maxWords": "",
        "pattern": "",
        "errorLabel": "",
        "customMessage": "",
        "custom": "",
        "json": "",
        "errors": "",
        "customPrivate": "",
        "minSelectedCount": "",
        "maxSelectedCount": "",
        "minSelectedCountMessage": "",
        "maxSelectedCountMessage": ""
      },
      "api": {
        "apiKey": "",
        "tags": "",
        "customProperties_Key": ""
      },
      "logic": {
        "LogicName": "",
        "TriggerType": "",
        "SimpleShow": "",
        "SimpleWhen": "",
        "SimpleHas": "",
        "ActionName": "",
        "ActionType": "",
        "ActionCustom": "",
        "EventName": ""
      }
    },
    "Date/Time": {
      "display": {
        "label": "",
        "labelWidth": "",
        "labelMargin": "",
        "labelPosition": "",
        "optionsLabelPosition": "",
        "action": "",
        "theme": "",
        "format": "",
        "size": "",
        "leftIcon/rightIcon": "",
        "placeholder": "",
        "description": "",
        "rows": "",
        "tooltip": "",
        "prefix": "",
        "suffix": "",
        "widget": "",
        "editor": "",
        "customClass": "",
        "autocomplete": "",
        "disableOnInvalid": "",
        "inline": "",
        "hidden": "",
        "hideLabel": "",
        "uniqueOptions": "",
        "showWordCount": "",
        "showCharCount": "",
        "mask": "",
        "autofocus": "",
        "spellcheck": "",
        "disabled": "",
        "tableView": "",
        "modalEdit": "",
        "shortcut": "",
        "inputMask": "",
        "displayMask": "",
        "applyMaskOn": "",
        "tabindex": "",
        "type": ""
      },
      "data": {
        "multiple": "",
        "dataSrc": "",
        "defaultValue": "",
        "dataType": "",
        "idPath": "",
        "template": "",
        "refreshOn": "",
        "refreshOnBlur": "",
        "searchEnabled": "",
        "selectThreshold": "",
        "readOnlyValue": "",
        "customOptions": "",
        "useExactSearch": "",
        "clearOnRefresh": "",
        "protected": "",
        "dbIndex": "",
        "label": "",
        "value": "",
        "shortcut": "",
        "delimiter": "",
        "decimalLimit": "",
        "requireDecimal": "",
        "inputFormat": "",
        "case": "",
        "truncateMultipleSpaces": "",
        "encrypted": "",
        "redrawOn": ""
      },
      "validation": {
        "applyMaskOn": "",
        "required": "",
        "onlyAvailableItems": "",
        "unique": "",
        "min": "",
        "max": "",
        "minLength": "",
        "maxLength": "",
        "minWords": "",
        "maxWords": "",
        "pattern": "",
        "errorLabel": "",
        "customMessage": "",
        "custom": "",
        "json": "",
        "errors": "",
        "customPrivate": "",
        "minSelectedCount": "",
        "maxSelectedCount": "",
        "minSelectedCountMessage": "",
        "maxSelectedCountMessage": ""
      },
      "api": {
        "apiKey": "",
        "tags": "",
        "customProperties_Key": ""
      },
      "logic": {
        "LogicName": "",
        "TriggerType": "",
        "SimpleShow": "",
        "SimpleWhen": "",
        "SimpleHas": "",
        "ActionName": "",
        "ActionType": "",
        "ActionCustom": "",
        "EventName": ""
      }
    },
    "upload": {
      "display": {
        "label": "",
        "labelWidth": "",
        "labelMargin": "",
        "labelPosition": "",
        "optionsLabelPosition": "",
        "action": "",
        "theme": "",
        "format": "",
        "size": "",
        "leftIcon/rightIcon": "",
        "placeholder": "",
        "description": "",
        "rows": "",
        "tooltip": "",
        "prefix": "",
        "suffix": "",
        "widget": "",
        "editor": "",
        "customClass": "",
        "autocomplete": "",
        "disableOnInvalid": "",
        "inline": "",
        "hidden": "",
        "hideLabel": "",
        "uniqueOptions": "",
        "showWordCount": "",
        "showCharCount": "",
        "mask": "",
        "autofocus": "",
        "spellcheck": "",
        "disabled": "",
        "tableView": "",
        "modalEdit": "",
        "shortcut": "",
        "inputMask": "",
        "displayMask": "",
        "applyMaskOn": "",
        "tabindex": "",
        "type": ""
      },
      "data": {
        "multiple": "",
        "dataSrc": "",
        "defaultValue": "",
        "dataType": "",
        "idPath": "",
        "template": "",
        "refreshOn": "",
        "refreshOnBlur": "",
        "searchEnabled": "",
        "selectThreshold": "",
        "readOnlyValue": "",
        "customOptions": "",
        "useExactSearch": "",
        "clearOnRefresh": "",
        "protected": "",
        "dbIndex": "",
        "label": "",
        "value": "",
        "shortcut": "",
        "delimiter": "",
        "decimalLimit": "",
        "requireDecimal": "",
        "inputFormat": "",
        "case": "",
        "truncateMultipleSpaces": "",
        "encrypted": "",
        "redrawOn": ""
      },
      "validation": {
        "applyMaskOn": "",
        "required": "",
        "onlyAvailableItems": "",
        "unique": "",
        "min": "",
        "max": "",
        "minLength": "",
        "maxLength": "",
        "minWords": "",
        "maxWords": "",
        "pattern": "",
        "errorLabel": "",
        "customMessage": "",
        "custom": "",
        "json": "",
        "errors": "",
        "customPrivate": "",
        "minSelectedCount": "",
        "maxSelectedCount": "",
        "minSelectedCountMessage": "",
        "maxSelectedCountMessage": ""
      },
      "api": {
        "apiKey": "",
        "tags": "",
        "customProperties_Key": ""
      },
      "logic": {
        "LogicName": "",
        "TriggerType": "",
        "SimpleShow": "",
        "SimpleWhen": "",
        "SimpleHas": "",
        "ActionName": "",
        "ActionType": "",
        "ActionCustom": "",
        "EventName": ""
      }
    },
    "tags": {
      "display": {
        "label": "",
        "labelWidth": "",
        "labelMargin": "",
        "labelPosition": "",
        "optionsLabelPosition": "",
        "action": "",
        "theme": "",
        "format": "",
        "size": "",
        "leftIcon/rightIcon": "",
        "placeholder": "",
        "description": "",
        "rows": "",
        "tooltip": "",
        "prefix": "",
        "suffix": "",
        "widget": "",
        "editor": "",
        "customClass": "",
        "autocomplete": "",
        "disableOnInvalid": "",
        "inline": "",
        "hidden": "",
        "hideLabel": "",
        "uniqueOptions": "",
        "showWordCount": "",
        "showCharCount": "",
        "mask": "",
        "autofocus": "",
        "spellcheck": "",
        "disabled": "",
        "tableView": "",
        "modalEdit": "",
        "shortcut": "",
        "inputMask": "",
        "displayMask": "",
        "applyMaskOn": "",
        "tabindex": "",
        "type": ""
      },
      "data": {
        "multiple": "",
        "dataSrc": "",
        "defaultValue": "",
        "dataType": "",
        "idPath": "",
        "template": "",
        "refreshOn": "",
        "refreshOnBlur": "",
        "searchEnabled": "",
        "selectThreshold": "",
        "readOnlyValue": "",
        "customOptions": "",
        "useExactSearch": "",
        "clearOnRefresh": "",
        "protected": "",
        "dbIndex": "",
        "label": "",
        "value": "",
        "shortcut": "",
        "delimiter": "",
        "decimalLimit": "",
        "requireDecimal": "",
        "inputFormat": "",
        "case": "",
        "truncateMultipleSpaces": "",
        "encrypted": "",
        "redrawOn": ""
      },
      "validation": {
        "applyMaskOn": "",
        "required": "",
        "onlyAvailableItems": "",
        "unique": "",
        "min": "",
        "max": "",
        "minLength": "",
        "maxLength": "",
        "minWords": "",
        "maxWords": "",
        "pattern": "",
        "errorLabel": "",
        "customMessage": "",
        "custom": "",
        "json": "",
        "errors": "",
        "customPrivate": "",
        "minSelectedCount": "",
        "maxSelectedCount": "",
        "minSelectedCountMessage": "",
        "maxSelectedCountMessage": ""
      },
      "api": {
        "apiKey": "",
        "tags": "",
        "customProperties_Key": ""
      },
      "logic": {
        "LogicName": "",
        "TriggerType": "",
        "SimpleShow": "",
        "SimpleWhen": "",
        "SimpleHas": "",
        "ActionName": "",
        "ActionType": "",
        "ActionCustom": "",
        "EventName": ""
      }
    },
    "recaptcha": {
      "display": {
        "label": "",
        "labelWidth": "",
        "labelMargin": "",
        "labelPosition": "",
        "optionsLabelPosition": "",
        "action": "",
        "theme": "",
        "format": "",
        "size": "",
        "leftIcon/rightIcon": "",
        "placeholder": "",
        "description": "",
        "rows": "",
        "tooltip": "",
        "prefix": "",
        "suffix": "",
        "widget": "",
        "editor": "",
        "customClass": "",
        "autocomplete": "",
        "disableOnInvalid": "",
        "inline": "",
        "hidden": "",
        "hideLabel": "",
        "uniqueOptions": "",
        "showWordCount": "",
        "showCharCount": "",
        "mask": "",
        "autofocus": "",
        "spellcheck": "",
        "disabled": "",
        "tableView": "",
        "modalEdit": "",
        "shortcut": "",
        "inputMask": "",
        "displayMask": "",
        "applyMaskOn": "",
        "tabindex": "",
        "type": ""
      },
      "data": {
        "multiple": "",
        "dataSrc": "",
        "defaultValue": "",
        "dataType": "",
        "idPath": "",
        "template": "",
        "refreshOn": "",
        "refreshOnBlur": "",
        "searchEnabled": "",
        "selectThreshold": "",
        "readOnlyValue": "",
        "customOptions": "",
        "useExactSearch": "",
        "clearOnRefresh": "",
        "protected": "",
        "dbIndex": "",
        "label": "",
        "value": "",
        "shortcut": "",
        "delimiter": "",
        "decimalLimit": "",
        "requireDecimal": "",
        "inputFormat": "",
        "case": "",
        "truncateMultipleSpaces": "",
        "encrypted": "",
        "redrawOn": ""
      },
      "validation": {
        "applyMaskOn": "",
        "required": "",
        "onlyAvailableItems": "",
        "unique": "",
        "min": "",
        "max": "",
        "minLength": "",
        "maxLength": "",
        "minWords": "",
        "maxWords": "",
        "pattern": "",
        "errorLabel": "",
        "customMessage": "",
        "custom": "",
        "json": "",
        "errors": "",
        "customPrivate": "",
        "minSelectedCount": "",
        "maxSelectedCount": "",
        "minSelectedCountMessage": "",
        "maxSelectedCountMessage": ""
      },
      "api": {
        "apiKey": "",
        "tags": "",
        "customProperties_Key": ""
      },
      "logic": {
        "LogicName": "",
        "TriggerType": "",
        "SimpleShow": "",
        "SimpleWhen": "",
        "SimpleHas": "",
        "ActionName": "",
        "ActionType": "",
        "ActionCustom": "",
        "EventName": ""
      }
    },
    "Table": {
      "display": {
        "label": "",
        "labelWidth": "",
        "labelMargin": "",
        "numberOfColumns": "",
        "tableColumns": [],
        "numberOfRows": "",
        "labelPosition": "",
        "optionsLabelPosition": "",
        "action": "",
        "theme": "",
        "format": "",
        "size": "",
        "leftIcon/rightIcon": "",
        "placeholder": "",
        "description": "",
        "rows": "",
        "tooltip": "",
        "prefix": "",
        "suffix": "",
        "widget": "",
        "editor": "",
        "customClass": "",
        "autocomplete": "",
        "disableOnInvalid": "",
        "inline": "",
        "hidden": "",
        "hideLabel": "",
        "uniqueOptions": "",
        "showWordCount": "",
        "showCharCount": "",
        "mask": "",
        "autofocus": "",
        "spellcheck": "",
        "disabled": "",
        "tableView": "",
        "modalEdit": "",
        "shortcut": "",
        "inputMask": "",
        "displayMask": "",
        "applyMaskOn": "",
        "tabindex": "",
        "type": ""
      },
      "data": {
        "multiple": "",
        "dataSrc": "",
        "defaultValue": "",
        "dataType": "",
        "idPath": "",
        "template": "",
        "refreshOn": "",
        "refreshOnBlur": "",
        "searchEnabled": "",
        "selectThreshold": "",
        "readOnlyValue": "",
        "customOptions": "",
        "useExactSearch": "",
        "clearOnRefresh": "",
        "protected": "",
        "dbIndex": "",
        "label": "",
        "value": "",
        "shortcut": "",
        "delimiter": "",
        "decimalLimit": "",
        "requireDecimal": "",
        "inputFormat": "",
        "case": "",
        "truncateMultipleSpaces": "",
        "encrypted": "",
        "redrawOn": ""
      },
      "validation": {
        "applyMaskOn": "",
        "required": "",
        "onlyAvailableItems": "",
        "unique": "",
        "min": "",
        "max": "",
        "minLength": "",
        "maxLength": "",
        "minWords": "",
        "maxWords": "",
        "pattern": "",
        "errorLabel": "",
        "customMessage": "",
        "custom": "",
        "json": "",
        "errors": "",
        "customPrivate": "",
        "minSelectedCount": "",
        "maxSelectedCount": "",
        "minSelectedCountMessage": "",
        "maxSelectedCountMessage": ""
      },
      "api": {
        "apiKey": "",
        "tags": "",
        "customProperties_Key": ""
      },
      "logic": {
        "LogicName": "",
        "TriggerType": "",
        "SimpleShow": "",
        "SimpleWhen": "",
        "SimpleHas": "",
        "ActionName": "",
        "ActionType": "",
        "ActionCustom": "",
        "EventName": ""
      }
    },
    "Container": {
      "display": {
        "label": "",
        "labelWidth": "",
        "labelMargin": "",
        "numberOfColumns": "",
        "numberOfRows": "",
        "labelPosition": "",
        "optionsLabelPosition": "",
        "action": "",
        "theme": "",
        "format": "",
        "size": "",
        "leftIcon/rightIcon": "",
        "placeholder": "",
        "description": "",
        "rows": "",
        "tooltip": "",
        "prefix": "",
        "suffix": "",
        "widget": "",
        "editor": "",
        "customClass": "",
        "autocomplete": "",
        "disableOnInvalid": "",
        "inline": "",
        "hidden": "",
        "hideLabel": "",
        "uniqueOptions": "",
        "showWordCount": "",
        "showCharCount": "",
        "mask": "",
        "autofocus": "",
        "spellcheck": "",
        "disabled": "",
        "tableView": "",
        "modalEdit": "",
        "shortcut": "",
        "inputMask": "",
        "displayMask": "",
        "applyMaskOn": "",
        "tabindex": "",
        "type": ""
      },
      "data": {
        "multiple": "",
        "dataSrc": "",
        "defaultValue": "",
        "dataType": "",
        "idPath": "",
        "template": "",
        "refreshOn": "",
        "refreshOnBlur": "",
        "searchEnabled": "",
        "selectThreshold": "",
        "readOnlyValue": "",
        "customOptions": "",
        "useExactSearch": "",
        "clearOnRefresh": "",
        "protected": "",
        "dbIndex": "",
        "label": "",
        "value": "",
        "shortcut": "",
        "delimiter": "",
        "decimalLimit": "",
        "requireDecimal": "",
        "inputFormat": "",
        "case": "",
        "truncateMultipleSpaces": "",
        "encrypted": "",
        "redrawOn": ""
      },
      "validation": {
        "applyMaskOn": "",
        "required": "",
        "onlyAvailableItems": "",
        "unique": "",
        "min": "",
        "max": "",
        "minLength": "",
        "maxLength": "",
        "minWords": "",
        "maxWords": "",
        "pattern": "",
        "errorLabel": "",
        "customMessage": "",
        "custom": "",
        "json": "",
        "errors": "",
        "customPrivate": "",
        "minSelectedCount": "",
        "maxSelectedCount": "",
        "minSelectedCountMessage": "",
        "maxSelectedCountMessage": ""
      },
      "api": {
        "apiKey": "",
        "tags": "",
        "customProperties_Key": ""
      },
      "logic": {
        "LogicName": "",
        "TriggerType": "",
        "SimpleShow": "",
        "SimpleWhen": "",
        "SimpleHas": "",
        "ActionName": "",
        "ActionType": "",
        "ActionCustom": "",
        "EventName": ""
      }
    },
    "OTP": {
      "display": {
        "label": "",
        "labelWidth": "",
        "labelMargin": "",
        "numberOfColumns": "",
        "numberOfRows": "",
        "labelPosition": "",
        "OTPvalue": "",
        "OTPLength": "",
        "optionsLabelPosition": "",
        "action": "",
        "theme": "",
        "format": "",
        "size": "",
        "leftIcon/rightIcon": "",
        "placeholder": "",
        "description": "",
        "rows": "",
        "tooltip": "",
        "prefix": "",
        "suffix": "",
        "widget": "",
        "editor": "",
        "customClass": "",
        "autocomplete": "",
        "disableOnInvalid": "",
        "inline": "",
        "hidden": "",
        "hideLabel": "",
        "uniqueOptions": "",
        "showWordCount": "",
        "showCharCount": "",
        "mask": "",
        "autofocus": "",
        "spellcheck": "",
        "disabled": "",
        "tableView": "",
        "modalEdit": "",
        "shortcut": "",
        "inputMask": "",
        "displayMask": "",
        "applyMaskOn": "",
        "tabindex": "",
        "type": ""
      },
      "data": {
        "multiple": "",
        "dataSrc": "",
        "defaultValue": "",
        "dataType": "",
        "idPath": "",
        "template": "",
        "refreshOn": "",
        "refreshOnBlur": "",
        "searchEnabled": "",
        "selectThreshold": "",
        "readOnlyValue": "",
        "customOptions": "",
        "useExactSearch": "",
        "clearOnRefresh": "",
        "protected": "",
        "dbIndex": "",
        "label": "",
        "value": "",
        "shortcut": "",
        "delimiter": "",
        "decimalLimit": "",
        "requireDecimal": "",
        "inputFormat": "",
        "case": "",
        "truncateMultipleSpaces": "",
        "encrypted": "",
        "redrawOn": ""
      },
      "validation": {
        "applyMaskOn": "",
        "required": "",
        "onlyAvailableItems": "",
        "unique": "",
        "min": "",
        "max": "",
        "minLength": "",
        "maxLength": "",
        "minWords": "",
        "maxWords": "",
        "pattern": "",
        "errorLabel": "",
        "customMessage": "",
        "custom": "",
        "json": "",
        "errors": "",
        "customPrivate": "",
        "minSelectedCount": "",
        "maxSelectedCount": "",
        "minSelectedCountMessage": "",
        "maxSelectedCountMessage": ""
      },
      "api": {
        "apiKey": "",
        "tags": "",
        "customProperties_Key": ""
      },
      "logic": {
        "LogicName": "",
        "TriggerType": "",
        "SimpleShow": "",
        "SimpleWhen": "",
        "SimpleHas": "",
        "ActionName": "",
        "ActionType": "",
        "ActionCustom": "",
        "EventName": ""
      }
    },
    "accordian": {
      "display": {
        "label": "",
        "labelWidth": "",
        "labelMargin": "",
        "numberOfColumns": "",
        "numberOfRows": "",
        "labelPosition": "",
        "optionsLabelPosition": "",
        "AccordianColumn": "",
        "numberOfAccordianColumn": "",
        "AccordianColumns": [],
        "action": "",
        "theme": "",
        "format": "",
        "size": "",
        "leftIcon/rightIcon": "",
        "placeholder": "",
        "description": "",
        "rows": "",
        "tooltip": "",
        "prefix": "",
        "suffix": "",
        "widget": "",
        "editor": "",
        "customClass": "",
        "autocomplete": "",
        "disableOnInvalid": "",
        "inline": "",
        "hidden": "",
        "hideLabel": "",
        "uniqueOptions": "",
        "showWordCount": "",
        "showCharCount": "",
        "mask": "",
        "autofocus": "",
        "spellcheck": "",
        "disabled": "",
        "tableView": "",
        "modalEdit": "",
        "shortcut": "",
        "inputMask": "",
        "displayMask": "",
        "applyMaskOn": "",
        "tabindex": "",
        "type": ""
      },
      "data": {
        "multiple": "",
        "dataSrc": "",
        "defaultValue": "",
        "dataType": "",
        "idPath": "",
        "template": "",
        "refreshOn": "",
        "refreshOnBlur": "",
        "searchEnabled": "",
        "selectThreshold": "",
        "readOnlyValue": "",
        "customOptions": "",
        "useExactSearch": "",
        "clearOnRefresh": "",
        "protected": "",
        "dbIndex": "",
        "label": "",
        "value": "",
        "shortcut": "",
        "delimiter": "",
        "decimalLimit": "",
        "requireDecimal": "",
        "inputFormat": "",
        "case": "",
        "truncateMultipleSpaces": "",
        "encrypted": "",
        "redrawOn": ""
      },
      "validation": {
        "applyMaskOn": "",
        "required": "",
        "onlyAvailableItems": "",
        "unique": "",
        "min": "",
        "max": "",
        "minLength": "",
        "maxLength": "",
        "minWords": "",
        "maxWords": "",
        "pattern": "",
        "errorLabel": "",
        "customMessage": "",
        "custom": "",
        "json": "",
        "errors": "",
        "customPrivate": "",
        "minSelectedCount": "",
        "maxSelectedCount": "",
        "minSelectedCountMessage": "",
        "maxSelectedCountMessage": ""
      },
      "api": {
        "apiKey": "",
        "tags": "",
        "customProperties_Key": ""
      },
      "logic": {
        "LogicName": "",
        "TriggerType": "",
        "SimpleShow": "",
        "SimpleWhen": "",
        "SimpleHas": "",
        "ActionName": "",
        "ActionType": "",
        "ActionCustom": "",
        "EventName": ""
      }
    },
    "tabs": {
      "display": {
        "label": "",
        "labelWidth": "",
        "tabsPosition": "",
        "tabsData": [],
        "labelMargin": "",
        "numberOfColumns": "",
        "numberOfRows": "",
        "labelPosition": "",
        "optionsLabelPosition": "",
        "AccordianColumn": "",
        "numberOfTabs": [],
        "numberOfAccordianColumn": "",
        "AccordianColumns": [],
        "action": "",
        "theme": "",
        "format": "",
        "size": "",
        "leftIcon/rightIcon": "",
        "placeholder": "",
        "description": "",
        "rows": "",
        "tooltip": "",
        "prefix": "",
        "suffix": "",
        "widget": "",
        "editor": "",
        "customClass": "",
        "autocomplete": "",
        "disableOnInvalid": "",
        "inline": "",
        "hidden": "",
        "hideLabel": "",
        "uniqueOptions": "",
        "showWordCount": "",
        "showCharCount": "",
        "mask": "",
        "autofocus": "",
        "spellcheck": "",
        "disabled": "",
        "tableView": "",
        "modalEdit": "",
        "shortcut": "",
        "inputMask": "",
        "displayMask": "",
        "applyMaskOn": "",
        "tabindex": "",
        "type": ""
      },
      "data": {
        "multiple": "",
        "dataSrc": "",
        "defaultValue": "",
        "dataType": "",
        "idPath": "",
        "template": "",
        "refreshOn": "",
        "refreshOnBlur": "",
        "searchEnabled": "",
        "selectThreshold": "",
        "readOnlyValue": "",
        "customOptions": "",
        "useExactSearch": "",
        "clearOnRefresh": "",
        "protected": "",
        "dbIndex": "",
        "label": "",
        "value": "",
        "shortcut": "",
        "delimiter": "",
        "decimalLimit": "",
        "requireDecimal": "",
        "inputFormat": "",
        "case": "",
        "truncateMultipleSpaces": "",
        "encrypted": "",
        "redrawOn": ""
      },
      "validation": {
        "applyMaskOn": "",
        "required": "",
        "onlyAvailableItems": "",
        "unique": "",
        "min": "",
        "max": "",
        "minLength": "",
        "maxLength": "",
        "minWords": "",
        "maxWords": "",
        "pattern": "",
        "errorLabel": "",
        "customMessage": "",
        "custom": "",
        "json": "",
        "errors": "",
        "customPrivate": "",
        "minSelectedCount": "",
        "maxSelectedCount": "",
        "minSelectedCountMessage": "",
        "maxSelectedCountMessage": ""
      },
      "api": {
        "apiKey": "",
        "tags": "",
        "customProperties_Key": ""
      },
      "logic": {
        "LogicName": "",
        "TriggerType": "",
        "SimpleShow": "",
        "SimpleWhen": "",
        "SimpleHas": "",
        "ActionName": "",
        "ActionType": "",
        "ActionCustom": "",
        "EventName": ""
      }
    },
    "Data Grid": {
      "display": {
        "label": "",
        "labelWidth": "",
        "numberOfGrid":"", 
        "tabsPosition": "",
        "tabsData": [],
        "labelMargin": "",
        "numberOfColumns": "",
        "numberOfRows": "",
        "labelPosition": "",
        "optionsLabelPosition": "",
        "AccordianColumn": "",
        "numberOfTabs": [],
        "numberOfAccordianColumn": "",
        "AccordianColumns": [],
        "action": "",
        "theme": "",
        "format": "",
        "size": "",
        "leftIcon/rightIcon": "",
        "placeholder": "",
        "description": "",
        "rows": "",
        "tooltip": "",
        "prefix": "",
        "suffix": "",
        "widget": "",
        "editor": "",
        "customClass": "",
        "autocomplete": "",
        "disableOnInvalid": "",
        "inline": "",
        "hidden": "",
        "hideLabel": "",
        "uniqueOptions": "",
        "showWordCount": "",
        "showCharCount": "",
        "mask": "",
        "autofocus": "",
        "spellcheck": "",
        "disabled": "",
        "tableView": "",
        "modalEdit": "",
        "shortcut": "",
        "inputMask": "",
        "displayMask": "",
        "applyMaskOn": "",
        "tabindex": "",
        "type": ""
      },
      "data": {
        "multiple": "",
        "dataSrc": "",
        "defaultValue": "",
        "dataType": "",
        "idPath": "",
        "template": "",
        "refreshOn": "",
        "refreshOnBlur": "",
        "searchEnabled": "",
        "selectThreshold": "",
        "readOnlyValue": "",
        "customOptions": "",
        "useExactSearch": "",
        "clearOnRefresh": "",
        "protected": "",
        "dbIndex": "",
        "label": "",
        "value": "",
        "shortcut": "",
        "delimiter": "",
        "decimalLimit": "",
        "requireDecimal": "",
        "inputFormat": "",
        "case": "",
        "truncateMultipleSpaces": "",
        "encrypted": "",
        "redrawOn": ""
      },
      "validation": {
        "applyMaskOn": "",
        "required": "",
        "onlyAvailableItems": "",
        "unique": "",
        "min": "",
        "max": "",
        "minLength": "",
        "maxLength": "",
        "minWords": "",
        "maxWords": "",
        "pattern": "",
        "errorLabel": "",
        "customMessage": "",
        "custom": "",
        "json": "",
        "errors": "",
        "customPrivate": "",
        "minSelectedCount": "",
        "maxSelectedCount": "",
        "minSelectedCountMessage": "",
        "maxSelectedCountMessage": ""
      },
      "api": {
        "apiKey": "",
        "tags": "",
        "customProperties_Key": ""
      },
      "logic": {
        "LogicName": "",
        "TriggerType": "",
        "SimpleShow": "",
        "SimpleWhen": "",
        "SimpleHas": "",
        "ActionName": "",
        "ActionType": "",
        "ActionCustom": "",
        "EventName": ""
      }
    }
  }
}
